file_size,entropy,nb_sections,size_code,size_image,entry_point,subsystem,dll_char,machine,sect_entropy_max,sect_entropy_mean,nb_dll,nb_imports,api_CreateRemoteThread,api_VirtualAllocEx,api_WriteProcessMemory,api_LoadLibraryA,api_GetProcAddress,api_RegSetValueExA,api_InternetOpenA,api_URLDownloadToFileA,api_CreateProcessA,api_ShellExecuteA,api_WinExec,api_IsDebuggerPresent,api_CryptEncrypt,api_OpenProcess,api_SetWindowsHookExA,api_CreateMutexA,label
3077984,6.1557,8,1409024,3395584,472992,2,33120,34404,6.2155,4.6697,1,46,0,0,0,0,1,0,0,0,0,0,0,0,0,0,0,0,1
46592,6.1361,5,32768,69632,34020,3,352,34404,6.3353,3.2914,7,76,0,0,0,0,0,0,0,0,0,0,0,1,0,1,0,0,1
2343936,6.4109,9,816128,2666496,473760,2,33120,34404,6.2325,4.8353,1,46,0,0,0,0,1,0,0,0,0,0,0,0,0,0,0,0,1
14320092,7.9925,7,181760,335872,57280,2,49504,34404,7.8952,4.6443,5,145,0,0,0,0,1,0,0,0,0,0,0,1,0,0,0,0,1
10240,5.4138,5,3584,24576,6277,2,33088,332,6.1048,3.989,7,61,0,0,0,0,1,0,0,0,0,0,0,1,0,0,0,0,1
1045096,3.5715,1,1044480,1048576,0,0,0,34404,3.5724,3.5724,0,0,0,0,0,0,0,0,0,0,0,0,0,0,0,0,0,0,1
1549312,7.9649,5,26624,1568768,27872,2,49472,332,7.9767,6.0996,8,149,0,0,0,1,1,1,0,0,1,0,0,0,0,0,0,1,1
2688000,7.9715,3,2685440,2711552,2693390,2,34144,332,7.9726,4.0421,1,1,0,0,0,0,0,0,0,0,0,0,0,0,0,0,0,0,1
763904,6.3219,2,762880,786432,770946,2,34112,332,6.3265,3.2142,1,1,0,0,0,0,0,0,0,0,0,0,0,0,0,0,0,0,1
3081560,7.0549,8,817152,3399680,473760,2,33120,34404,7.2081,4.8749,1,46,0,0,0,0,1,0,0,0,0,0,0,0,0,0,0,0,1
18432,6.0475,5,8704,36864,11127,2,33088,332,5.9711,4.7304,7,97,0,0,0,0,0,0,1,0,0,0,0,1,0,0,0,1,1
1584888,7.7742,7,175616,1593344,175824,2,33120,34404,7.9855,5.6564,0,0,0,0,0,0,0,0,0,0,0,0,0,0,0,0,0,0,1
2221400,6.4213,9,816128,2539520,473760,2,33120,34404,7.7693,5.0674,1,46,0,0,0,0,1,0,0,0,0,0,0,0,0,0,0,0,1
2234368,6.4163,9,816128,2560000,473760,2,33120,34404,6.3949,4.9095,1,46,0,0,0,0,1,0,0,0,0,0,0,0,0,0,0,0,1
3258192,4.8377,8,816128,2531328,473760,2,33120,34404,6.2317,4.7375,1,46,0,0,0,0,1,0,0,0,0,0,0,0,0,0,0,0,1
12101632,7.9978,2,12099584,12115968,0,2,34144,34404,7.9979,6.039,0,0,0,0,0,0,0,0,0,0,0,0,0,0,0,0,0,0,1
2582528,7.6857,3,2579968,2605056,2587694,2,34144,332,7.688,4.0422,1,1,0,0,0,0,0,0,0,0,0,0,0,0,0,0,0,0,1
2757632,7.6321,7,1699840,2781184,2776784,2,33056,34404,7.9999,4.0318,14,213,0,0,0,1,1,0,0,0,0,0,0,1,0,1,0,1,1
710144,7.9348,6,57856,737280,23782,3,33120,34404,7.9783,3.8371,4,18,0,0,0,0,0,0,0,0,0,0,0,0,0,0,0,0,1
390656,6.3762,7,247808,421888,134976,3,33120,34404,6.5699,4.3324,3,133,0,1,1,0,1,0,0,0,0,0,0,1,0,1,0,0,1
14299743,7.9924,7,181760,335872,57280,2,49504,34404,7.9128,4.6468,5,145,0,0,0,0,1,0,0,0,0,0,0,1,0,0,0,0,1
398848,5.8157,2,397824,417792,405818,2,34112,332,5.8238,2.9629,1,1,0,0,0,0,0,0,0,0,0,0,0,0,0,0,0,0,1
1172992,7.1589,7,697856,1294336,682064,2,33120,34404,7.999,5.473,11,138,0,0,0,0,1,0,0,0,0,0,0,1,0,0,0,0,1
14319098,7.9924,7,181760,335872,57280,2,49504,34404,7.9091,4.6463,5,145,0,0,0,0,1,0,0,0,0,0,0,1,0,0,0,0,1
156160,6.4173,6,97792,167936,85211,2,32768,332,6.5689,4.377,15,171,0,0,0,0,1,0,1,0,1,0,0,0,0,1,0,0,1
18432,6.0469,5,8704,36864,11127,2,33088,332,5.9748,4.7158,7,97,0,0,0,0,0,0,1,0,0,0,0,1,0,0,0,1,1
14295573,7.9924,7,181760,335872,57280,2,49504,34404,7.8837,4.6426,5,145,0,0,0,0,1,0,0,0,0,0,0,1,0,0,0,0,1
814080,7.4495,3,811520,843776,819646,2,34144,332,7.46,3.3825,1,1,0,0,0,0,0,0,0,0,0,0,0,0,0,0,0,0,1
14312616,7.9925,7,181760,335872,57280,2,49504,34404,7.9228,4.6482,5,145,0,0,0,0,1,0,0,0,0,0,0,1,0,0,0,0,1
825856,7.4187,3,823296,851968,831166,2,34112,332,7.4264,3.8182,1,1,0,0,0,0,0,0,0,0,0,0,0,0,0,0,0,0,1
1418240,7.9316,6,33280,1441792,32960,2,49504,34404,7.9526,4.5504,8,152,0,0,0,1,1,1,0,0,1,0,0,0,0,0,0,1,1
14309985,7.9923,7,181760,335872,57280,2,49504,34404,7.9134,4.6469,5,145,0,0,0,0,1,0,0,0,0,0,0,1,0,0,0,0,1
18432,6.0457,5,8704,36864,11127,2,33088,332,5.9749,4.7049,7,97,0,0,0,0,0,0,1,0,0,0,0,1,0,0,0,1,1
462328,5.465,7,182784,475136,68264,2,33120,34404,6.4979,4.5798,4,109,0,0,0,0,1,0,0,0,0,0,0,1,0,1,0,0,1
5441104,6.8538,9,4144128,5685248,3940048,3,16704,332,6.7394,3.3664,2,213,0,0,0,0,1,0,0,0,0,0,0,1,0,1,0,0,0
679496,6.3423,6,466944,667648,289504,3,16736,34404,6.4222,4.7033,9,192,0,0,0,0,1,0,0,0,0,0,0,1,0,0,0,0,0
5774280,6.6415,2,0,5763072,0,3,16736,34404,6.6379,4.095,0,0,0,0,0,0,0,0,0,0,0,0,0,0,0,0,0,0,0
1038680,3.5946,2,0,1028096,0,2,1344,332,3.4714,2.2477,0,0,0,0,0,0,0,0,0,0,0,0,0,0,0,0,0,0,0
170482,6.2573,10,116224,192512,4096,3,32768,34404,6.2017,3.5395,6,196,0,0,0,0,0,0,0,0,0,0,0,0,0,0,0,0,0
90184,6.2624,3,77312,106496,85094,3,34144,332,6.0928,2.9901,1,1,0,0,0,0,0,0,0,0,0,0,0,0,0,0,0,0,0
19475,5.457,10,11264,53248,5152,3,1344,332,5.9799,2.3698,3,43,0,0,0,0,1,0,0,0,0,0,0,0,0,0,0,0,0
35592,6.4199,3,22528,49152,30234,3,34144,332,5.9053,3.1116,1,1,0,0,0,0,0,0,0,0,0,0,0,0,0,0,0,0,0
84256,5.8115,3,57344,73728,0,3,33120,34404,6.2297,3.0759,0,0,0,0,0,0,0,0,0,0,0,0,0,0,0,0,0,0,0
963752,6.6334,6,682496,978944,141772,2,352,34404,6.5777,5.2562,1,178,0,0,0,0,1,0,0,0,1,0,0,1,0,0,0,0,0
5796508,6.6104,13,4039168,5840896,4592,3,352,34404,7.7984,4.347,6,198,0,0,0,1,1,0,0,0,0,0,0,0,0,0,0,0,0
151552,6.0161,5,132096,163840,127728,2,16704,332,6.4085,4.7977,24,96,0,0,0,0,1,0,0,0,0,0,0,1,0,0,0,0,0
1996584,5.0908,7,336896,2002944,335072,2,16736,34404,6.0395,4.0412,9,78,0,0,0,0,1,0,0,0,0,0,0,1,0,0,0,0,0
164928,5.694,6,61440,184320,57904,3,16736,34404,6.3019,4.1884,8,73,0,0,0,0,1,0,0,0,0,0,0,1,0,0,0,0,0
19136,7.0303,2,1536,12288,0,3,1344,332,4.7011,3.9976,0,0,0,0,0,0,0,0,0,0,0,0,0,0,0,0,0,0,0
270312,6.594,5,197120,270336,164976,3,16704,332,6.4245,5.3889,12,108,0,0,0,0,1,0,0,0,0,0,0,1,0,0,0,0,0
5001808,6.4901,12,3495424,5218304,1123552,2,49504,34404,6.5459,3.8555,3,259,1,1,1,0,1,0,0,0,0,0,0,1,0,1,0,0,0
20126520,6.2393,7,13371392,20144128,12763664,3,16736,34404,6.5384,5.159,19,860,0,0,0,0,1,0,0,0,0,0,0,1,1,0,0,0,0
19136,6.999,2,0,12288,0,3,352,34404,4.391,3.8426,0,0,0,0,0,0,0,0,0,0,0,0,0,0,0,0,0,0,0
16403,5.451,10,8704,53248,5152,3,1344,332,6.2008,2.3712,3,48,0,0,0,0,1,0,0,0,0,0,0,0,0,0,0,0,0
30320,6.4505,2,17920,40960,0,3,34144,34404,5.8304,4.2913,0,0,0,0,0,0,0,0,0,0,0,0,0,0,0,0,0,0,0
19475,5.4464,10,10752,53248,5152,3,1344,332,6.0244,2.3513,3,60,0,0,0,0,1,0,0,0,0,0,0,0,0,0,0,0,0
65152,6.7955,6,7168,73728,7488,2,49504,34404,6.7653,3.6468,11,52,0,0,0,0,0,0,0,0,0,0,0,0,0,0,0,0,0
21184,6.9093,2,0,12288,0,3,352,34404,4.6703,3.9822,0,0,0,0,0,0,0,0,0,0,0,0,0,0,0,0,0,0,0
146136,7.2615,2,0,135168,0,2,16736,34404,7.238,4.3432,0,0,0,0,0,0,0,0,0,0,0,0,0,0,0,0,0,0,0
4408704,6.7619,10,3405824,4509696,2419328,3,16736,34404,6.7837,4.4305,19,372,0,0,0,0,1,0,0,0,0,0,0,1,0,0,0,0,0
16915,5.2956,10,8704,53248,5152,3,1344,332,5.9882,2.3005,3,42,0,0,0,0,1,0,0,0,0,0,0,0,0,0,0,0,0
7027064,6.7211,5,4544000,7270400,283344,2,16704,332,6.7685,5.229,37,848,0,0,0,1,1,1,0,0,0,0,0,1,0,1,1,0,0
128328,6.1015,7,56320,131072,52784,3,16736,34404,6.3094,3.9735,12,141,0,0,0,0,1,0,0,0,0,0,0,1,0,0,0,0,0
177024,6.0836,5,104960,188416,97824,3,16736,34404,6.2113,4.2792,50,174,0,0,0,0,1,0,0,0,0,0,0,1,0,0,0,0,0
926288,6.6365,9,599552,958464,306688,3,16736,34404,6.4869,3.7156,3,125,0,0,0,0,1,0,0,0,0,0,0,1,0,0,0,0,0
99200,6.1117,7,40960,102400,37600,3,16736,34404,6.2368,3.9591,12,130,0,0,0,0,1,1,0,0,0,0,0,1,0,0,0,0,0
709248,6.6014,7,570880,733184,302176,2,16736,34404,6.4353,4.4106,47,231,0,0,0,0,1,0,0,0,0,0,0,1,0,0,0,0,0
644640,5.8511,3,630784,655360,637726,3,34144,332,5.8229,3.024,1,1,0,0,0,0,0,0,0,0,0,0,0,0,0,0,0,0,0
213425,6.1157,11,137728,245760,4592,3,352,34404,6.205,3.3983,2,48,0,0,0,0,1,0,0,0,0,0,0,0,0,0,0,0,0
43041,4.7281,10,8704,57344,4096,3,32768,34404,5.7965,2.4798,4,60,0,0,0,0,0,0,0,0,0,0,0,0,0,0,0,0,0
697968,5.873,3,679424,704512,687518,3,34112,332,5.8271,2.9767,1,1,0,0,0,0,0,0,0,0,0,0,0,0,0,0,0,0,0
272664,6.5078,3,229376,262144,0,3,33120,34404,6.6644,4.4999,0,0,0,0,0,0,0,0,0,0,0,0,0,0,0,0,0,0,0
77312,6.54,7,60928,307200,27894,2,0,332,6.6521,4.7484,5,128,0,0,0,1,1,1,0,0,1,1,0,0,0,0,0,0,0
679747,6.6556,11,536064,708608,4912,3,352,34404,6.7725,3.6448,2,61,0,0,0,0,1,0,0,0,0,0,0,0,0,0,0,0,0
20656,6.7977,2,0,12288,0,3,16736,34404,2.8115,2.1057,0,0,0,0,0,0,0,0,0,0,0,0,0,0,0,0,0,0,0
1026716,6.2057,12,772608,1056768,4592,3,352,34404,6.132,3.993,4,628,0,0,0,0,0,0,0,0,0,0,0,0,0,0,0,0,0
19648,6.9764,2,2048,12288,0,3,1344,332,4.437,3.8656,0,0,0,0,0,0,0,0,0,0,0,0,0,0,0,0,0,0,0
4751832,6.4274,8,3551232,4771840,1494368,3,16736,34404,6.4304,3.3481,3,131,0,0,0,0,1,0,0,0,0,0,0,1,0,0,0,0,0
571923,6.4575,10,464384,610304,5152,3,1344,332,6.6325,3.3246,6,229,0,0,0,1,1,0,0,0,0,0,0,0,0,0,0,0,0
1375152,6.6351,7,1212928,1912832,1215520,2,352,34404,6.6567,4.2006,10,141,0,0,0,0,0,0,0,0,0,0,0,1,0,0,0,0,0
15624,6.7939,3,2560,32768,10614,3,34144,332,5.5486,2.8082,1,1,0,0,0,0,0,0,0,0,0,0,0,0,0,0,0,0,0
30524,5.495,10,16384,69632,4096,3,32768,34404,6.0551,2.6492,2,47,0,0,0,0,0,0,0,0,0,0,0,0,0,0,0,0,0
7690392,6.6006,13,5897216,7872512,3371024,2,49504,34404,6.5834,3.9537,19,429,0,1,1,0,1,0,0,0,0,0,0,1,0,1,0,0,0
509192,6.3282,7,383488,516096,376464,3,16736,34404,6.3342,4.6327,11,172,0,0,0,0,1,1,0,0,0,0,0,1,0,0,0,0,0
14049144,3.4355,6,512,14061568,0,2,17728,332,3.4308,1.0551,0,0,0,0,0,0,0,0,0,0,0,0,0,0,0,0,0,0,0
2226615,6.167,12,434688,2260992,4896,3,352,34404,6.3739,3.6008,3,75,0,0,0,0,1,0,0,0,0,0,0,0,0,0,0,0,0
18110,4.9689,10,5632,53248,4096,3,32768,34404,5.5571,2.2717,4,50,0,0,0,0,0,0,0,0,0,0,0,0,0,0,0,0,0
2582416,6.4192,12,2055680,2723840,5184,3,33120,34404,6.2796,3.5612,12,395,1,0,0,1,1,0,0,0,0,0,0,1,0,1,0,0,0
25672,6.4892,3,12800,40960,20462,3,34144,332,5.8503,2.8296,1,1,0,0,0,0,0,0,0,0,0,0,0,0,0,0,0,0,0
71200,6.2645,3,58880,90112,66698,3,34144,332,6.0136,3.1465,1,1,0,0,0,0,0,0,0,0,0,0,0,0,0,0,0,0,0
697968,5.873,3,679424,704512,687518,3,34112,332,5.8271,2.9767,1,1,0,0,0,0,0,0,0,0,0,0,0,0,0,0,0,0,0
72003,6.1181,10,48640,102400,4096,3,32768,34404,6.325,2.9075,4,67,0,0,0,0,0,0,0,0,0,0,0,0,0,0,0,0,0
846536,6.1826,6,585216,843776,537136,2,16736,34404,6.2295,5.2299,12,234,0,0,0,0,1,0,0,0,0,0,0,1,0,0,0,0,0
1632136,6.2219,7,1153536,1650688,758048,2,16736,34404,6.213,4.3955,14,245,0,0,0,0,1,0,0,0,0,0,0,1,0,0,0,0,0
19648,6.9618,2,2048,12288,0,3,1344,332,4.1399,3.717,0,0,0,0,0,0,0,0,0,0,0,0,0,0,0,0,0,0,0
44981528,6.2286,8,27419136,45109248,2238304,2,16736,34404,6.7091,4.34,20,819,0,0,0,0,1,0,0,0,0,0,0,1,0,0,0,0,0
17222576,6.2363,9,7593984,17625088,529728,3,33120,34404,6.1045,4.2508,1,46,0,0,0,0,1,0,0,0,0,0,0,0,0,0,0,0,0
19136,7.012,2,1536,12288,0,3,1344,332,4.4954,3.8948,0,0,0,0,0,0,0,0,0,0,0,0,0,0,0,0,0,0,0
46480,6.1893,12,15360,331776,5184,3,33120,34404,6.005,2.5956,5,86,0,0,0,0,1,0,0,0,0,0,0,0,0,0,0,0,0
4064200,3.6804,2,0,4046848,0,2,1344,332,3.6378,2.332,0,0,0,0,0,0,0,0,0,0,0,0,0,0,0,0,0,0,0
47635,6.1689,10,34816,81920,5152,3,1344,332,6.3391,2.5966,3,78,0,0,0,0,1,0,0,0,0,0,0,0,0,0,0,0,0
474032,5.7981,3,460800,491520,468494,3,34112,332,5.7461,2.786,1,1,0,0,0,0,0,0,0,0,0,0,0,0,0,0,0,0,0
221080,6.2057,5,111616,217088,102589,3,320,332,6.6839,4.7167,11,188,0,0,0,0,1,0,0,0,0,0,0,1,0,0,0,0,0
6899576,6.3468,9,4836352,6934528,2035968,3,16736,34404,6.4604,3.3916,6,176,0,0,0,0,1,0,0,0,0,0,0,1,0,1,0,0,0
21880,6.3859,2,10240,32768,0,2,34144,34404,5.4991,4.7758,0,0,0,0,0,0,0,0,0,0,0,0,0,0,0,0,0,0,0
36779,5.375,10,7680,65536,4096,3,32768,34404,5.7397,2.6196,4,56,0,0,0,0,0,0,0,0,0,0,0,0,0,0,0,0,0
344595,6.8619,10,217600,376832,5152,3,1344,332,7.2846,3.1771,4,60,0,0,0,0,1,0,0,0,0,0,0,0,0,0,0,0,0
59784,6.04,3,48128,73728,55966,3,34144,332,5.7867,2.9771,1,1,0,0,0,0,0,0,0,0,0,0,0,0,0,0,0,0,0
82032,5.759,3,63488,90112,71326,3,34112,332,5.0484,2.7277,1,1,0,0,0,0,0,0,0,0,0,0,0,0,0,0,0,0,0
885856,5.6666,2,857600,876544,0,3,34112,34404,5.6011,3.9939,0,0,0,0,0,0,0,0,0,0,0,0,0,0,0,0,0,0,0
64888,6.5714,4,34304,65536,31808,3,49472,332,6.3857,5.2995,15,131,0,0,0,0,0,0,0,0,0,0,0,1,0,0,0,0,0
2489528,6.2249,7,2329088,2781184,2106220,3,352,34404,6.1684,4.8245,10,302,0,0,0,1,1,0,0,0,0,0,0,1,0,0,0,0,0
16648,6.7405,3,3584,32768,11454,3,34144,332,5.4538,2.7823,1,1,0,0,0,0,0,0,0,0,0,0,0,0,0,0,0,0,0
624640,5.7622,7,456704,638976,9286,2,320,332,6.2529,3.7742,10,538,0,0,0,0,0,0,0,0,0,0,0,1,0,0,0,0,0
2251264,6.3684,6,1753088,2281472,1703456,2,16736,34404,6.4594,4.7729,11,243,0,0,0,1,1,0,0,0,0,0,0,0,0,0,0,0,0
47384,5.3881,3,24576,36864,0,3,33120,34404,5.7424,2.7217,0,0,0,0,0,0,0,0,0,0,0,0,0,0,0,0,0,0,0
54291,6.2189,10,41472,86016,5152,3,1344,332,6.2468,2.6356,3,94,0,0,0,0,1,0,0,0,0,0,0,0,0,0,0,0,0
29280,5.3535,5,1024,36864,4848,2,17728,332,3.6691,1.6766,1,1,0,0,0,0,0,0,0,0,0,0,0,0,0,0,0,0,0
65568,5.9573,3,52736,81920,60554,3,34144,332,5.6141,2.9969,1,1,0,0,0,0,0,0,0,0,0,0,0,0,0,0,0,0,0
20856,6.4654,3,9728,40960,17882,3,34144,332,5.7191,2.9391,1,1,0,0,0,0,0,0,0,0,0,0,0,0,0,0,0,0,0
24648,6.5108,3,11776,40960,19442,3,34144,332,5.8552,2.8029,1,1,0,0,0,0,0,0,0,0,0,0,0,0,0,0,0,0,0
174408,6.2995,7,111616,180224,106704,3,16736,34404,6.2987,4.0381,12,143,0,0,0,0,1,0,0,0,0,0,0,1,0,0,0,0,0
152944,6.2134,7,89088,159744,85952,3,16736,34404,6.1859,4.173,12,111,0,0,0,0,1,0,0,0,0,0,0,1,0,0,0,0,0
7993616,6.797,3,7598080,7983104,0,3,33120,34404,6.8214,5.7362,0,0,0,0,0,0,0,0,0,0,0,0,0,0,0,0,0,0,0
598016,6.5744,5,410112,622592,315829,2,320,332,6.6817,5.2877,1,75,0,0,0,1,1,0,0,0,0,0,0,1,0,0,0,0,0
10912,6.3918,1,0,8192,0,2,1344,332,3.2626,3.2626,0,0,0,0,0,0,0,0,0,0,0,0,0,0,0,0,0,0,0
16915,5.1478,10,8192,49152,5152,3,1344,332,5.9251,2.2629,3,53,0,0,0,0,1,0,0,0,0,0,0,0,0,0,0,0,0
46464,6.1869,12,15360,331776,5184,3,33120,34404,5.9976,2.6052,5,86,0,0,0,0,1,0,0,0,0,0,0,0,0,0,0,0,0
170248,6.4297,3,135168,159744,0,3,33120,34404,6.6191,4.4237,0,0,0,0,0,0,0,0,0,0,0,0,0,0,0,0,0,0,0
4484760,6.7442,7,611328,4562944,539300,3,352,34404,6.6998,5.038,4,91,0,0,0,0,1,0,0,0,0,0,0,1,0,0,0,0,0
4549672,6.9945,9,2459136,4608000,2252016,3,16736,34404,7.0954,3.5264,4,160,0,0,0,1,1,0,0,0,0,0,0,1,0,0,0,0,0
417656,6.5676,5,165376,421888,156080,2,16704,332,6.5584,5.3821,11,891,0,0,0,0,1,0,0,0,0,0,0,1,0,0,0,0,0
22216624,6.8492,17,6671872,22605824,530176,3,33120,34404,7.9987,5.7593,1,46,0,0,0,0,1,0,0,0,0,0,0,0,0,0,0,0,0
4557392,6.5552,12,3495424,4771840,1123552,2,49504,34404,6.5459,3.868,3,259,1,1,1,0,1,0,0,0,0,0,0,1,0,1,0,0,0
42200,7.0453,6,3584,28672,4944,3,16736,34404,5.9461,2.7704,3,25,0,0,0,0,0,0,0,0,0,0,0,1,0,0,0,0,0
14315,4.1809,11,3072,49152,4096,3,32768,34404,5.1701,2.075,3,40,0,0,0,0,0,0,0,0,0,0,0,0,0,0,0,0,0
210944,6.2832,6,177664,229376,162448,2,16704,332,6.6654,4.9248,9,184,0,0,0,0,1,0,0,0,0,0,0,0,0,0,0,0,0
21184,6.9086,2,3584,12288,0,3,1344,332,4.6739,3.984,0,0,0,0,0,0,0,0,0,0,0,0,0,0,0,0,0,0,0
18423,5.1834,10,7680,49152,4096,3,32768,34404,5.9559,2.5139,3,35,0,0,0,0,0,0,0,0,0,0,0,0,0,0,0,0,0
6616496,7.9891,5,26624,446464,13893,2,34112,332,6.4379,4.2797,7,162,0,0,0,0,1,0,0,0,0,0,0,0,0,0,0,0,0
125800,6.3959,5,56320,118784,51660,3,320,332,6.5761,5.066,13,148,0,0,0,1,1,0,0,0,0,0,0,1,0,0,0,0,0
2501696,6.3826,7,1822208,2502656,1636752,3,16736,34404,6.2052,4.8108,7,187,0,0,0,0,1,0,0,0,0,0,0,1,0,0,0,0,0
2433024,6.7815,5,1630208,2486272,296009,2,320,332,6.7565,5.8287,7,241,0,0,0,1,0,0,0,0,0,0,0,1,0,0,0,0,0
18963,5.5051,10,10752,53248,5152,3,1344,332,6.2088,2.3051,3,41,0,0,0,0,1,0,0,0,0,0,0,0,0,0,0,0,0
1550208,6.2275,8,837120,1552384,811984,2,49504,34404,6.5241,4.6005,21,451,0,0,0,0,1,0,0,0,0,0,0,1,1,0,0,0,0
13232,6.3704,2,0,12288,0,3,352,34404,3.2444,2.5136,0,0,0,0,0,0,0,0,0,0,0,0,0,0,0,0,0,0,0
1821842,6.6554,10,1085440,1826816,1087152,3,0,34404,6.874,4.1924,11,534,0,0,0,0,0,0,0,0,0,0,0,0,0,0,0,0,0
18451,5.6377,10,10752,53248,5152,3,1344,332,6.3731,2.3749,3,44,0,0,0,0,1,0,0,0,0,0,0,0,0,0,0,0,0
5926752,6.101,6,3878400,5922816,868912,3,16736,34404,6.3622,4.9626,12,106,0,0,0,0,1,0,0,0,0,0,0,1,0,0,0,0,0
318048,5.955,3,305664,335872,313426,3,34112,332,5.9083,3.3667,1,1,0,0,0,0,0,0,0,0,0,0,0,0,0,0,0,0,0
84000,6.2638,3,71168,98304,78598,3,34144,332,6.0774,3.0006,1,1,0,0,0,0,0,0,0,0,0,0,0,0,0,0,0,0,0
36148,5.7253,10,18432,69632,4096,3,32768,34404,6.0753,2.8819,3,69,0,0,0,0,0,0,0,0,0,0,0,0,0,0,0,0,0
18451,5.3757,10,10752,53248,5152,3,1344,332,6.1431,2.2038,3,44,0,0,0,0,1,0,0,0,0,0,0,0,0,0,0,0,0
9165136,6.2896,8,6340608,9191424,1545504,3,16736,34404,6.4521,5.1126,19,845,0,0,0,0,1,1,0,0,0,0,0,1,0,1,0,1,0
28096,6.4852,2,0,20480,0,3,16736,34404,4.1567,2.7887,0,0,0,0,0,0,0,0,0,0,0,0,0,0,0,0,0,0,0
11616,6.6493,2,0,12288,0,3,352,34404,3.5606,3.4274,0,0,0,0,0,0,0,0,0,0,0,0,0,0,0,0,0,0,0
705456,5.9139,3,692224,720896,700158,3,34112,332,5.8798,3.0434,1,1,0,0,0,0,0,0,0,0,0,0,0,0,0,0,0,0,0
19987,5.6086,10,12800,57344,5152,3,1344,332,6.1838,2.3128,3,40,0,0,0,0,1,0,0,0,0,0,0,0,0,0,0,0,0
638976,5.8954,5,372736,643072,350920,2,0,332,6.5133,4.8103,6,183,0,0,0,1,1,0,0,0,0,0,0,1,0,0,0,0,0
16403,5.2221,10,8192,49152,5152,3,1344,332,5.933,2.2812,3,48,0,0,0,0,1,0,0,0,0,0,0,0,0,0,0,0,0
13843,5.0403,10,6656,49152,5152,3,1344,332,6.0736,2.1926,3,39,0,0,0,0,1,0,0,0,0,0,0,0,0,0,0,0,0
95856,6.2554,2,83456,106496,0,3,34144,34404,6.0758,4.4155,0,0,0,0,0,0,0,0,0,0,0,0,0,0,0,0,0,0,0
24608,6.5294,3,11776,40960,19710,3,34144,332,5.8597,2.8685,1,1,0,0,0,0,0,0,0,0,0,0,0,0,0,0,0,0,0
129304,6.114,3,102400,118784,0,3,33120,34404,6.2971,3.6485,0,0,0,0,0,0,0,0,0,0,0,0,0,0,0,0,0,0,0
20856,6.4255,3,9216,40960,17218,3,34112,332,5.7647,2.9873,1,1,0,0,0,0,0,0,0,0,0,0,0,0,0,0,0,0,0
29280,5.2285,5,1024,36864,4848,2,17728,332,3.3802,1.6194,1,1,0,0,0,0,0,0,0,0,0,0,0,0,0,0,0,0,0
590416,6.4055,9,430592,622592,99584,3,16736,34404,6.4854,3.801,9,184,0,0,0,0,1,0,0,0,0,0,0,1,0,1,0,0,0
3093296,6.4463,7,2316288,3092480,462080,3,16736,34404,6.5301,4.7203,14,241,0,0,0,0,1,0,0,0,0,0,0,1,0,0,0,0,0
270144,6.314,5,165376,274432,94176,2,33088,332,6.6953,4.6688,5,150,0,0,0,0,1,1,0,0,0,0,0,1,0,0,0,0,0
21095288,6.0414,7,10349056,21286912,389632,3,0,34404,5.7643,3.6769,2,46,0,0,0,1,1,0,0,0,0,0,0,0,0,0,0,0,0
20390992,6.551,9,16151040,20430848,15752112,3,16736,34404,6.8566,4.1486,5,146,0,0,0,0,1,0,0,0,0,0,0,1,0,0,0,0,0
8491088,6.4244,8,6074368,8556544,5400592,3,16736,34404,6.6294,4.1669,9,189,0,0,0,1,1,0,0,0,0,0,0,1,0,0,0,0,0
61376,5.0777,2,0,53248,0,3,16736,34404,3.7471,2.5923,0,0,0,0,0,0,0,0,0,0,0,0,0,0,0,0,0,0,0
230160,6.1861,3,215552,245760,223238,3,34144,332,6.0856,3.0637,1,1,0,0,0,0,0,0,0,0,0,0,0,0,0,0,0,0,0
212512,6.4936,7,142848,212992,82368,2,16736,34404,6.4282,3.8012,17,154,0,0,0,0,1,0,0,0,0,0,0,1,1,0,0,0,0
608664,6.1378,7,397824,626688,380496,3,16736,34404,6.3663,3.9922,13,133,0,0,0,0,1,0,0,0,0,0,0,1,0,0,0,0,0
22937976,6.1828,2,0,22933504,0,2,17728,332,6.1821,4.4159,0,0,0,0,0,0,0,0,0,0,0,0,0,0,0,0,0,0,0
704944,5.9551,3,691712,720896,698886,3,34144,332,5.9245,2.9279,1,1,0,0,0,0,0,0,0,0,0,0,0,0,0,0,0,0,0
47416,7.3328,2,0,36864,0,3,16736,34404,7.2869,4.3473,0,0,0,0,0,0,0,0,0,0,0,0,0,0,0,0,0,0,0
543312,6.4258,9,397824,577536,67360,2,49504,34404,6.5017,3.8991,9,129,0,0,0,0,1,0,0,0,0,0,0,1,0,0,0,0,0
54181,5.829,10,29184,86016,4096,3,32768,34404,6.0656,2.9455,3,87,0,0,0,0,0,0,0,0,0,0,0,0,0,0,0,0,0
151552,6.0161,5,132096,163840,127728,2,16704,332,6.4085,4.7977,24,96,0,0,0,0,1,0,0,0,0,0,0,1,0,0,0,0,0
73408,5.811,2,55808,65536,0,3,1344,332,5.0411,4.1701,0,0,0,0,0,0,0,0,0,0,0,0,0,0,0,0,0,0,0
34304,4.9015,3,31744,57344,39710,3,34112,332,5.0268,2.5652,1,1,0,0,0,0,0,0,0,0,0,0,0,0,0,0,0,0,0
76560,6.2624,3,61952,90112,69850,3,34144,332,5.9266,3.0605,1,1,0,0,0,0,0,0,0,0,0,0,0,0,0,0,0,0,0
113171,6.245,11,81920,147456,5152,3,1344,332,6.2755,2.9535,3,156,0,0,0,0,1,0,0,0,0,0,0,0,0,0,0,0,0
1735088,6.5647,13,1379840,1810432,1188560,3,49504,34404,6.5606,3.4431,8,181,0,0,0,0,1,0,0,0,0,0,0,1,0,1,0,0,0
166152,6.3467,3,135168,155648,0,3,33120,34404,6.4808,4.2872,0,0,0,0,0,0,0,0,0,0,0,0,0,0,0,0,0,0,0
80880,6.9205,5,56832,77824,55696,3,16704,332,6.5941,4.9067,6,39,0,0,0,0,1,0,0,0,0,0,0,0,0,0,0,0,0
38544,6.3178,2,26112,49152,0,3,34144,34404,5.7971,4.2862,0,0,0,0,0,0,0,0,0,0,0,0,0,0,0,0,0,0,0
6157312,6.285,6,3925504,6344704,3654512,2,16736,34404,6.3896,4.8812,28,544,0,0,0,1,1,1,0,0,0,0,0,1,0,1,1,0,0
22048,6.5559,3,9216,40960,17218,3,34112,332,5.7647,2.9873,1,1,0,0,0,0,0,0,0,0,0,0,0,0,0,0,0,0,0
22296,6.3701,3,9216,40960,17102,3,34144,332,5.0263,2.6078,1,1,0,0,0,0,0,0,0,0,0,0,0,0,0,0,0,0,0
3320912,6.5654,9,2308608,3358720,578560,3,16736,34404,6.5184,3.9462,1,154,0,0,0,0,1,0,0,0,0,0,0,1,0,0,0,0,0
189120,6.3128,3,170496,196608,178574,3,34112,332,6.158,3.0673,1,1,0,0,0,0,0,0,0,0,0,0,0,0,0,0,0,0,0
83016,6.3919,3,70144,98304,78138,3,34144,332,6.241,2.957,1,1,0,0,0,0,0,0,0,0,0,0,0,0,0,0,0,0,0
405352,6.1023,7,229376,421888,216672,3,16736,34404,6.3871,3.9747,12,133,0,0,0,0,1,0,0,0,0,0,0,1,0,0,0,0,0
1106760,6.2394,7,348160,1110016,337520,3,16736,34404,6.3333,4.8801,17,277,0,0,0,0,1,0,0,0,0,0,0,1,0,0,0,0,0
77942,6.0212,10,55808,950272,4096,3,32768,34404,6.1815,2.8602,2,74,0,0,0,0,0,0,0,0,0,0,0,0,0,0,0,0,0
852872,5.6939,8,424448,856064,413616,2,49504,34404,6.3621,3.9186,14,290,0,0,0,0,1,0,0,0,0,0,0,1,0,0,0,0,0
2891640,5.9881,7,1696768,2920448,1539904,3,16736,34404,6.2826,4.7596,21,388,0,0,0,0,1,0,0,0,0,0,0,1,1,0,0,0,0
530451,5.8998,11,261632,561152,5152,3,1344,332,6.508,2.892,9,324,0,0,0,0,1,0,0,0,0,0,0,0,0,0,0,0,0
24083,5.894,10,14848,57344,5152,3,1344,332,6.3326,2.5126,3,49,0,0,0,0,1,0,0,0,0,0,0,0,0,0,0,0,0
2077352,6.5969,7,1893888,2080768,1824436,3,352,34404,6.686,5.1831,6,336,0,0,0,1,1,1,0,0,0,0,0,1,0,0,0,0,0
44336,7.3014,2,0,36864,0,3,16736,34404,7.1131,4.2604,0,0,0,0,0,0,0,0,0,0,0,0,0,0,0,0,0,0,0
15662568,7.9979,4,37376,102400,16315,2,0,332,6.7383,5.4064,3,79,0,0,0,1,1,0,0,0,0,0,0,1,0,0,0,0,0
917446,6.1511,10,712704,1003520,4096,3,32768,34404,6.131,3.6404,2,139,0,0,0,0,0,0,0,0,0,0,0,0,0,0,0,0,0
53040,6.8158,2,0,45056,0,3,16736,34404,6.1221,3.7649,0,0,0,0,0,0,0,0,0,0,0,0,0,0,0,0,0,0,0
34817,5.5864,10,16896,69632,4096,3,32768,34404,5.9977,2.7902,3,58,0,0,0,0,0,0,0,0,0,0,0,0,0,0,0,0,0
2237328,6.3359,5,1242112,2236416,14077,3,320,332,6.6888,4.901,17,526,0,0,0,0,1,1,0,0,0,0,0,1,0,1,0,0,0
155544,6.0597,8,74752,172032,67856,3,16736,34404,6.1655,3.361,6,125,0,0,0,1,1,0,0,0,0,0,0,1,0,0,0,0,0
956288,6.177,8,679936,970752,659872,3,16736,34404,6.3566,4.3665,10,242,0,0,0,0,1,0,0,0,0,0,0,1,0,0,0,0,0
150196,6.2343,10,123904,176128,4592,3,352,34404,6.2101,3.0807,3,37,0,0,0,0,0,0,0,0,0,0,0,0,0,0,0,0,0
31840,5.133,5,1024,40960,4848,2,17728,332,3.4383,1.6314,1,1,0,0,0,0,0,0,0,0,0,0,0,0,0,0,0,0,0
66872,5.6792,4,1024,77824,4996,2,1024,332,5.6832,4.4778,5,16,0,0,0,0,1,0,0,0,0,0,0,0,0,0,0,0,0
113467,6.135,10,82944,139264,4592,3,352,34404,6.1743,3.2938,2,61,0,0,0,0,1,0,0,0,0,0,0,0,0,0,0,0,0
608664,6.1379,7,397824,626688,380496,3,16736,34404,6.3663,3.9923,13,133,0,0,0,0,1,0,0,0,0,0,0,1,0,0,0,0,0
334536,6.3963,6,184832,319488,181520,3,16736,34404,6.2153,4.9377,9,126,0,0,0,0,1,0,0,0,0,0,0,1,0,0,0,0,0
165168,5.6982,6,61440,184320,57904,3,16736,34404,6.3019,4.1885,8,73,0,0,0,0,1,0,0,0,0,0,0,1,0,0,0,0,0
164352,5.8979,3,161792,188416,169578,3,34144,332,5.9389,2.8896,1,1,0,0,0,0,0,0,0,0,0,0,0,0,0,0,0,0,0
337248,5.8448,7,178688,335872,169584,2,16736,34404,6.2964,4.129,16,181,0,0,0,0,1,1,0,0,0,0,0,1,0,0,0,0,0
173072,6.2976,7,104960,172032,104112,3,16736,34404,6.1579,3.8954,19,90,0,0,0,0,1,0,0,0,0,0,0,1,0,0,0,0,0
13843,4.9327,10,6656,49152,5152,3,1344,332,5.908,2.1746,3,37,0,0,0,0,1,0,0,0,0,0,0,0,0,0,0,0,0
1038680,3.5946,2,0,1028096,0,2,1344,332,3.4714,2.2477,0,0,0,0,0,0,0,0,0,0,0,0,0,0,0,0,0,0,0
29792,5.2378,5,1024,36864,4848,2,17728,332,3.4645,1.6362,1,1,0,0,0,0,0,0,0,0,0,0,0,0,0,0,0,0,0
49960,7.2082,2,0,40960,0,3,16736,34404,6.8942,4.151,0,0,0,0,0,0,0,0,0,0,0,0,0,0,0,0,0,0,0
1238144,6.4158,6,1084928,1257472,1085632,2,16736,34404,6.4054,4.4915,9,72,0,0,0,0,0,0,0,0,0,0,0,0,0,0,0,0,0
62168,6.0039,7,13312,65536,11600,3,16736,34404,5.9444,3.55,6,45,0,0,0,0,1,0,0,0,0,0,0,1,0,0,0,0,0
9313376,6.1929,3,9294848,9322496,9302670,3,34112,332,6.1903,3.1029,1,1,0,0,0,0,0,0,0,0,0,0,0,0,0,0,0,0,0
15632,6.7388,3,2560,32768,10458,3,34144,332,5.3031,2.6564,1,1,0,0,0,0,0,0,0,0,0,0,0,0,0,0,0,0,0
206880,6.291,3,193536,221184,201610,3,34144,332,6.2285,3.1619,1,1,0,0,0,0,0,0,0,0,0,0,0,0,0,0,0,0,0
1379640,5.8614,7,782336,1380352,461888,2,16736,34404,6.329,4.3342,13,247,0,0,0,0,1,0,0,0,0,0,0,1,0,0,0,0,0
136976,3.9036,2,0,135168,0,2,352,34404,3.3746,3.24,0,0,0,0,0,0,0,0,0,0,0,0,0,0,0,0,0,0,0
8173856,6.5043,7,6728704,8187904,6232800,2,16736,34404,6.4417,5.0123,4,137,0,0,0,1,1,0,0,0,0,0,0,1,0,0,0,0,0
5077072,6.5818,11,4144640,5349376,1509008,2,49504,34404,6.5456,3.6346,16,405,0,0,0,0,1,0,0,0,0,0,0,1,0,1,0,0,0
542992,6.7504,3,475136,532480,0,3,33120,34404,6.8086,5.7504,0,0,0,0,0,0,0,0,0,0,0,0,0,0,0,0,0,0,0
956288,6.177,8,679936,970752,659872,3,16736,34404,6.3566,4.3665,10,242,0,0,0,0,1,0,0,0,0,0,0,1,0,0,0,0,0
19136,7.0303,2,1536,12288,0,3,1344,332,4.7011,3.9976,0,0,0,0,0,0,0,0,0,0,0,0,0,0,0,0,0,0,0
1852296,6.7465,4,1701888,1875968,1433696,3,16704,332,6.7418,4.866,6,242,0,0,0,0,1,0,0,0,0,0,0,1,0,0,0,0,0
884696,5.0311,7,31744,888832,29632,3,16736,34404,6.4307,3.8005,9,67,0,0,0,0,1,0,0,0,0,0,0,1,0,0,0,0,0
32275,6.1498,10,23040,65536,5152,3,1344,332,6.4495,2.4472,3,51,0,0,0,0,1,0,0,0,0,0,0,0,0,0,0,0,0
1140520,4.7473,8,374272,1146880,352080,2,49504,34404,6.322,3.6933,17,292,0,0,0,0,1,0,0,0,0,0,0,1,0,0,0,0,0
7100112,6.4796,10,5444096,7151616,3882336,3,16736,34404,6.4249,3.8191,3,134,0,0,0,1,1,0,0,0,0,0,0,1,0,0,0,0,0
19136,7.012,2,1536,12288,0,3,1344,332,4.4954,3.8948,0,0,0,0,0,0,0,0,0,0,0,0,0,0,0,0,0,0,0
176512,6.0259,7,97792,176128,93408,3,16736,34404,6.1434,3.8466,15,116,0,0,0,0,1,0,0,0,0,0,0,1,0,0,0,0,0
370560,5.9585,6,209920,380928,197008,3,49504,34404,6.2545,4.8669,58,260,0,0,0,0,1,0,0,0,0,0,0,1,0,0,0,0,0
932168,5.9724,7,514560,929792,83856,3,16736,34404,6.2812,4.6502,15,141,0,0,0,0,1,0,0,0,0,0,0,1,0,0,0,0,0
29280,5.3583,5,1024,36864,4848,2,17728,332,3.6785,1.6788,1,1,0,0,0,0,0,0,0,0,0,0,0,0,0,0,0,0,0
152688,6.363,3,134144,163840,141902,3,34112,332,6.1834,3.079,1,1,0,0,0,0,0,0,0,0,0,0,0,0,0,0,0,0,0
77077,6.0113,10,46592,102400,4096,3,32768,34404,6.1843,3.11,3,114,0,0,0,0,0,0,0,0,0,0,0,0,0,0,0,0,0
887128,5.6667,7,539136,954368,529680,3,16736,34404,6.4766,3.9736,14,239,0,0,0,0,1,0,0,0,0,0,0,1,0,0,0,0,0
243120,6.5676,2,0,233472,0,3,16736,34404,6.4623,3.7489,0,0,0,0,0,0,0,0,0,0,0,0,0,0,0,0,0,0,0
15379,5.2507,10,7680,49152,5152,3,1344,332,6.2894,2.2317,3,40,0,0,0,0,1,0,0,0,0,0,0,0,0,0,0,0,0
33156528,6.2662,8,13504512,33566720,536352,3,33120,34404,6.0963,4.8629,1,46,0,0,0,0,1,0,0,0,0,0,0,0,0,0,0,0,0
5879728,6.4627,7,3558400,5890048,3559552,2,352,34404,6.4498,4.7479,18,476,0,0,0,0,0,0,0,0,0,0,0,1,0,0,0,0,0
674240,6.4307,8,569856,823296,567584,2,49504,34404,6.4477,4.0859,18,240,0,0,0,0,1,0,0,0,0,0,0,1,0,0,0,0,0
10919304,6.1689,7,3244544,11296768,2605228,3,352,34404,6.3932,5.1174,17,329,0,0,0,0,1,0,0,0,0,0,0,1,1,1,0,0,0
666192,6.0088,3,653312,679936,658170,3,34144,332,5.983,2.9086,1,1,0,0,0,0,0,0,0,0,0,0,0,0,0,0,0,0,0
100574,6.1556,10,82432,131072,4592,3,352,34404,6.2121,3.1285,3,55,0,0,0,0,1,0,0,0,0,0,0,0,0,0,0,0,0
43959,5.7049,10,23040,73728,4096,3,32768,34404,6.0619,2.8154,3,72,0,0,0,0,0,0,0,0,0,0,0,0,0,0,0,0,0
1260920,5.7426,3,1249280,1277952,1257030,3,34112,332,5.7284,3.077,1,1,0,0,0,0,0,0,0,0,0,0,0,0,0,0,0,0,0
29120,6.753,3,8704,40960,16558,3,34112,332,5.1347,3.0696,1,1,0,0,0,0,0,0,0,0,0,0,0,0,0,0,0,0,0
1300048,6.3438,9,335872,1331200,48432,3,16736,34404,6.5106,3.7427,1,92,0,0,0,0,1,0,0,0,0,0,0,1,0,0,0,0,0
254544,6.2854,7,175616,278528,58240,3,16736,34404,6.3247,4.0453,10,101,0,0,0,0,1,0,0,0,0,0,0,1,0,0,0,0,0
47552,6.5867,5,14336,40960,13197,3,320,332,6.3881,4.5669,9,73,0,0,0,0,1,0,0,0,0,0,0,1,0,0,0,0,0
60248,5.6068,7,6144,65536,5632,3,16736,34404,5.6373,3.7524,6,65,0,0,0,0,0,0,0,0,0,0,0,1,0,0,0,0,0
9001760,3.2499,2,0,8994816,0,3,1344,332,3.2359,2.426,0,0,0,0,0,0,0,0,0,0,0,0,0,0,0,0,0,0,0
80896,6.7286,5,52224,94208,53504,2,16704,332,6.6893,4.4356,6,38,0,0,0,0,0,0,0,0,0,0,0,1,0,0,0,0,0
48952,7.419,2,0,40960,0,3,16736,34404,7.3482,4.378,0,0,0,0,0,0,0,0,0,0,0,0,0,0,0,0,0,0,0
336403,6.4176,10,261632,368640,5152,3,1344,332,6.4363,2.6211,3,51,0,0,0,0,1,0,0,0,0,0,0,0,0,0,0,0,0
417888,6.0187,9,189952,442368,98176,2,16736,34404,6.4698,4.5575,1,118,0,0,0,0,1,0,0,0,0,0,0,1,0,0,0,0,0
27208,6.4111,3,14336,40960,22234,3,34112,332,5.6817,3.054,1,1,0,0,0,0,0,0,0,0,0,0,0,0,0,0,0,0,0
60312,6.0195,7,13824,69632,12016,3,16736,34404,6.0855,3.3332,7,56,0,0,0,0,1,0,0,0,0,0,0,1,0,0,0,0,0
475216,6.6471,7,359936,487424,188928,3,16704,332,6.6714,3.6626,9,179,0,0,0,0,1,0,0,0,0,0,0,1,0,1,0,0,0
511486,6.1272,10,368128,524288,4096,3,32768,34404,6.2611,3.7263,4,229,0,0,0,0,0,0,0,0,0,0,0,0,0,0,0,0,0
634744,5.816,7,456192,638976,9281,2,320,332,6.2428,3.7712,10,538,0,0,0,0,0,0,0,0,0,0,0,1,0,0,0,0,0
21523,5.5848,10,11264,53248,5152,3,1344,332,6.1511,2.391,3,51,0,0,0,0,1,0,0,0,0,0,0,0,0,0,0,0,0
81248,5.0375,2,0,73728,0,2,1344,332,3.8453,2.4241,0,0,0,0,0,0,0,0,0,0,0,0,0,0,0,0,0,0,0
9414176,6.5023,10,7430656,9461760,7235484,2,352,34404,6.4925,3.4078,4,110,0,0,0,1,1,0,0,0,0,0,0,1,0,0,0,0,0
10781,3.9568,10,3584,45056,5952,3,0,34404,5.2566,1.8532,3,21,0,0,0,0,0,0,0,0,0,0,0,0,0,0,0,0,0
215704,6.1048,2,187392,204800,0,3,34112,34404,5.8921,4.0615,0,0,0,0,0,0,0,0,0,0,0,0,0,0,0,0,0,0,0
5435456,6.4659,7,3799552,5451776,3678512,3,16736,34404,6.4446,4.8415,7,357,0,0,0,1,1,0,0,0,0,0,0,1,0,0,0,0,0
186456,6.2457,2,0,180224,0,3,16736,34404,6.085,3.7818,0,0,0,0,0,0,0,0,0,0,0,0,0,0,0,0,0,0,0
5001808,6.4901,12,3495424,5218304,1123552,2,49504,34404,6.5459,3.8555,3,259,1,1,1,0,1,0,0,0,0,0,0,1,0,1,0,0,0
149479,6.2514,10,98304,176128,4096,3,32768,34404,6.2737,3.6027,3,134,0,0,0,0,0,0,0,0,0,0,0,0,0,0,0,0,0
40992,6.3798,3,28160,57344,35914,3,34144,332,6.0143,2.8416,1,1,0,0,0,0,0,0,0,0,0,0,0,0,0,0,0,0,0
5071704,6.7014,2,0,5062656,0,3,1344,332,6.6966,4.1143,0,0,0,0,0,0,0,0,0,0,0,0,0,0,0,0,0,0,0
404896,5.4887,5,160768,409600,149664,2,16736,34404,6.213,4.7667,32,168,0,0,0,0,1,0,0,0,0,0,0,1,0,0,0,0,0
40237,5.6886,10,20480,69632,4096,3,32768,34404,6.0461,2.8637,3,67,0,0,0,0,0,0,0,0,0,0,0,0,0,0,0,0,0
1151544,6.0727,9,582656,1171456,4880,3,16736,34404,6.3941,3.5505,1,89,0,0,0,0,1,0,0,0,0,0,0,1,0,0,0,0,0
284564,5.8767,10,130560,311296,5184,3,352,34404,6.2447,3.6576,6,170,0,0,0,0,1,0,0,0,0,0,0,0,0,0,0,0,0
24280,5.3731,10,13824,57344,16080,3,0,34404,5.9987,2.1692,3,49,0,0,0,0,0,0,0,0,0,0,0,0,0,0,0,0,0
80880,6.9205,5,56832,77824,55696,3,16704,332,6.5941,4.9067,6,39,0,0,0,0,1,0,0,0,0,0,0,0,0,0,0,0,0
244325,6.1812,10,152576,258048,154800,3,0,34404,5.9553,3.2111,7,378,0,0,0,0,0,0,0,0,0,0,0,0,0,0,0,0,0
134872,6.6782,8,77824,122880,66448,3,16736,34404,6.4071,3.673,6,47,0,0,0,0,1,0,0,0,0,0,0,0,0,0,0,0,0
4508040,6.1557,6,3761152,4521984,963708,2,352,34404,6.3692,5.0667,8,766,0,0,0,1,1,1,0,0,1,0,1,1,0,0,1,0,0
156488,6.0846,7,79872,159744,75008,3,16736,34404,6.2672,4.129,19,153,0,0,0,0,1,0,0,0,0,0,0,1,0,0,0,0,0
123472,6.5518,8,77824,122880,66656,3,16736,34404,6.402,3.7013,6,35,0,0,0,0,0,0,0,0,0,0,0,0,0,0,0,0,0
38419,5.9462,10,25600,73728,5152,3,1344,332,6.2892,2.4376,4,49,0,0,0,0,1,0,0,0,0,0,0,0,0,0,0,0,0
53552,6.6862,2,0,45056,0,3,16736,34404,6.1683,3.788,0,0,0,0,0,0,0,0,0,0,0,0,0,0,0,0,0,0,0
15526320,6.2203,9,6765568,15904768,528640,3,33120,34404,6.1174,4.2054,1,46,0,0,0,0,1,0,0,0,0,0,0,0,0,0,0,0,0
1945480,5.5843,8,903680,1945600,718672,2,49504,34404,6.4101,4.3142,19,334,0,0,0,0,1,0,0,0,0,0,0,1,0,0,0,0,0
6957952,6.2012,7,4354048,6963200,3840144,3,49504,34404,6.4265,4.6493,9,364,0,0,0,1,1,0,0,0,0,0,0,1,0,1,0,1,0
46684,5.9198,10,32256,77824,4592,3,352,34404,6.1959,2.6539,3,48,0,0,0,0,1,0,0,0,0,0,0,0,0,0,0,0,0
24131,5.0998,10,9728,53248,4096,3,32768,34404,5.8195,2.529,4,62,0,0,0,0,0,0,0,0,0,0,0,0,0,0,0,0,0
118472,6.3209,6,67584,118784,62768,3,16736,34404,6.2682,3.7269,12,74,0,0,0,0,1,0,0,0,0,0,0,1,0,0,0,0,0
19648,6.9785,2,0,12288,0,3,352,34404,4.443,3.8685,0,0,0,0,0,0,0,0,0,0,0,0,0,0,0,0,0,0,0
19648,6.9764,2,2048,12288,0,3,1344,332,4.437,3.8656,0,0,0,0,0,0,0,0,0,0,0,0,0,0,0,0,0,0,0
45440,6.108,3,33792,65536,41558,3,34144,332,5.7765,2.9794,1,1,0,0,0,0,0,0,0,0,0,0,0,0,0,0,0,0,0
121424,6.1394,8,58368,135168,5792,3,16736,34404,6.4572,3.6526,1,80,0,0,1,0,1,0,0,0,0,0,0,1,0,0,0,0,0
77942,6.0212,10,55808,950272,4096,3,32768,34404,6.1815,2.8602,2,74,0,0,0,0,0,0,0,0,0,0,0,0,0,0,0,0,0
18624,7.0607,2,1024,12288,0,3,1344,332,4.7148,4.0045,0,0,0,0,0,0,0,0,0,0,0,0,0,0,0,0,0,0,0
502936,6.4387,10,361984,528384,72384,3,16736,34404,6.4908,3.716,1,92,0,0,0,0,1,0,0,0,0,0,0,1,0,0,0,0,0
439827,6.6272,10,340480,471040,5152,3,1344,332,6.6034,2.9705,4,107,0,0,0,0,1,0,0,0,0,0,0,0,0,0,0,0,0
204120,6.6183,5,116736,196608,106468,2,320,332,6.5736,5.1754,14,255,0,0,0,0,1,0,0,0,0,0,0,1,0,1,0,0,0
59392,5.7647,3,56832,81920,64978,3,34144,332,5.878,2.8658,1,1,0,0,0,0,0,0,0,0,0,0,0,0,0,0,0,0,0
2762056,6.4323,7,2157056,2789376,1069520,3,16736,34404,6.516,4.6202,16,462,0,0,0,0,1,0,0,0,0,0,0,1,0,1,0,1,0
3091536,6.6821,9,2479616,4657152,1987456,3,16736,34404,6.6842,3.8122,1,105,0,0,0,0,1,0,0,0,0,0,0,1,0,0,0,0,0
81920,5.8402,10,49664,118784,4096,3,32768,34404,6.1712,2.9896,4,117,0,0,0,0,0,0,0,0,0,0,0,0,0,0,0,0,0
4741552,6.4229,8,3551232,4771840,1494368,3,16736,34404,6.4304,3.3481,3,131,0,0,0,0,1,0,0,0,0,0,0,1,0,0,0,0,0
1708656,6.9119,10,970752,1724416,784532,2,33120,34404,7.824,4.1994,8,348,0,0,0,1,1,1,0,0,1,1,0,1,0,1,0,1,0
26131,5.789,10,17920,61440,5152,3,1344,332,6.1901,2.362,3,50,0,0,0,0,1,0,0,0,0,0,0,0,0,0,0,0,0
311072,4.2399,2,0,311296,0,2,352,34404,4.0642,3.5793,0,0,0,0,0,0,0,0,0,0,0,0,0,0,0,0,0,0,0
1038680,3.5946,2,0,1028096,0,2,1344,332,3.4714,2.2477,0,0,0,0,0,0,0,0,0,0,0,0,0,0,0,0,0,0,0
50048,6.2195,6,25600,61440,25040,3,16736,34404,6.2702,4.0896,7,79,0,0,0,0,0,0,0,0,0,0,0,1,0,0,0,0,0
44336,7.1257,2,0,36864,0,3,16736,34404,6.8739,4.1408,0,0,0,0,0,0,0,0,0,0,0,0,0,0,0,0,0,0,0
5435456,6.4659,7,3799552,5451776,3678512,3,16736,34404,6.4446,4.8415,7,357,0,0,0,1,1,0,0,0,0,0,0,1,0,0,0,0,0
366872,5.9009,6,165888,368640,162928,3,16736,34404,6.252,4.8446,12,111,0,0,0,0,1,0,0,0,0,0,0,1,0,0,0,0,0
120864,5.3345,8,61440,110592,7728,3,16736,34404,6.0067,2.1641,28,93,0,0,0,0,1,0,0,0,0,0,0,1,0,0,0,0,0
16384,4.4571,6,4096,32768,5280,3,16736,34404,5.5876,3.2409,4,40,0,0,0,0,0,0,0,0,0,0,0,0,0,0,0,0,0
15624,6.7678,3,2560,32768,10522,3,34144,332,5.4102,2.7339,1,1,0,0,0,0,0,0,0,0,0,0,0,0,0,0,0,0,0
117912,6.1482,8,56320,131072,5712,3,16736,34404,6.4626,3.6323,1,75,0,0,1,0,1,0,0,0,0,0,0,1,0,0,0,0,0
309528,6.5718,3,270336,299008,0,3,33120,34404,6.6711,4.8048,0,0,0,0,0,0,0,0,0,0,0,0,0,0,0,0,0,0,0
22720,6.8308,2,0,16384,0,3,352,34404,4.6901,3.9919,0,0,0,0,0,0,0,0,0,0,0,0,0,0,0,0,0,0,0
18352,6.6672,3,5120,32768,12894,3,34112,332,4.9523,2.8353,1,1,0,0,0,0,0,0,0,0,0,0,0,0,0,0,0,0,0
7547312,6.1892,8,3489280,7933952,429088,3,33120,34404,6.1528,4.1312,1,45,0,0,0,0,1,0,0,0,0,0,0,0,0,0,0,0,0
75648,6.2514,6,49664,86016,49248,3,16736,34404,6.2277,4.0217,14,115,0,0,0,0,0,0,0,0,0,0,0,1,0,0,0,0,0
193504,6.0142,6,114688,196608,107200,3,16736,34404,6.1011,4.8326,14,267,0,0,0,0,1,0,0,0,0,0,0,0,0,1,0,0,0
2207064,6.1219,7,1242624,2211840,4736,3,16736,34404,6.466,4.3662,15,276,0,0,0,1,1,0,0,0,1,0,0,1,0,0,0,1,0
235568,5.228,3,207360,237568,215118,3,34112,332,4.785,2.3489,1,1,0,0,0,0,0,0,0,0,0,0,0,0,0,0,0,0,0
22685848,7.753,11,7664128,84606976,7470880,3,16736,34404,7.9782,4.1582,6,186,0,0,0,0,1,0,0,0,0,0,0,1,0,0,0,0,0
33823,5.6654,10,16896,69632,4096,3,32768,34404,6.0987,2.8173,3,59,0,0,0,0,0,0,0,0,0,0,0,0,0,0,0,0,0
346528,6.4733,7,263680,368640,260320,3,16736,34404,6.4509,4.3237,15,166,0,0,0,0,1,0,0,0,0,0,0,1,0,0,0,0,0
27744,5.7677,5,1024,36864,4848,2,17728,332,4.1679,1.775,1,1,0,0,0,0,0,0,0,0,0,0,0,0,0,0,0,0,0
15624,6.7939,3,2560,32768,10614,3,34144,332,5.5486,2.8082,1,1,0,0,0,0,0,0,0,0,0,0,0,0,0,0,0,0,0
29792,5.6904,5,1024,36864,4848,2,17728,332,4.1606,1.7758,1,1,0,0,0,0,0,0,0,0,0,0,0,0,0,0,0,0,0
16511,5.0031,10,6656,49152,4096,3,32768,34404,5.6286,2.3366,2,27,0,0,0,0,0,0,0,0,0,0,0,0,0,0,0,0,0
1003304,5.6078,7,448000,1011712,428688,3,16736,34404,6.3555,4.2381,16,310,0,0,0,0,1,0,0,0,0,0,0,1,0,1,0,0,0
50488,7.1957,2,0,40960,0,3,16736,34404,6.9166,4.1621,0,0,0,0,0,0,0,0,0,0,0,0,0,0,0,0,0,0,0
163536,6.3821,7,65536,163840,64336,3,16736,34404,6.4211,3.975,7,99,0,0,0,0,1,1,0,0,0,0,0,1,0,0,0,0,0
49624,6.2138,6,23040,57344,5024,2,16736,34404,6.0166,3.0303,4,71,0,0,0,0,1,0,0,0,0,0,0,1,0,0,0,0,0
181344,5.8277,3,169472,196608,177438,3,34112,332,5.7258,2.8898,1,1,0,0,0,0,0,0,0,0,0,0,0,0,0,0,0,0,0
395456,6.0428,6,246784,397312,208128,2,16736,34404,6.2349,4.1248,9,205,0,0,0,0,1,0,0,0,0,0,0,0,0,0,0,0,0
19136,7.0156,2,0,12288,0,3,352,34404,4.486,3.89,0,0,0,0,0,0,0,0,0,0,0,0,0,0,0,0,0,0,0
22472,7.0491,2,0,12288,0,2,16736,34404,5.5639,3.5717,0,0,0,0,0,0,0,0,0,0,0,0,0,0,0,0,0,0,0
61984,6.3137,3,49152,73728,57034,3,34144,332,6.0722,2.8692,1,1,0,0,0,0,0,0,0,0,0,0,0,0,0,0,0,0,0
19760,6.9901,3,1024,32768,8958,3,34112,332,4.5013,2.5561,1,1,0,0,0,0,0,0,0,0,0,0,0,0,0,0,0,0,0
41531,5.6608,10,23552,69632,25584,3,0,34404,5.9931,2.8205,3,78,0,0,0,0,0,0,0,0,0,0,0,0,0,0,0,0,0
30064,6.5623,3,8192,32768,16142,3,34112,332,5.159,2.6,1,1,0,0,0,0,0,0,0,0,0,0,0,0,0,0,0,0,0
4342192,6.1254,7,2769920,4345856,2356992,2,49504,34404,6.404,4.2458,6,297,0,0,0,0,1,0,0,0,0,0,0,1,0,1,0,1,0
688512,6.0371,6,375296,696320,319580,2,352,34404,6.17,5.0054,11,173,0,0,0,0,1,0,0,0,0,0,0,1,0,0,0,0,0
5530928,6.3773,7,3823616,5558272,2533984,2,16736,34404,6.4763,5.0446,23,485,0,0,0,1,1,0,0,0,0,0,0,1,0,0,0,0,0
16160,6.7584,3,3072,32768,11066,3,34144,332,5.4253,2.7775,1,1,0,0,0,0,0,0,0,0,0,0,0,0,0,0,0,0,0
1065336,6.601,6,621568,1077248,5040,2,49472,332,6.7191,4.2996,13,280,0,0,0,0,1,0,0,0,0,0,0,1,0,0,0,0,0
679747,6.6556,11,536064,708608,4912,3,352,34404,6.7725,3.6448,2,61,0,0,0,0,1,0,0,0,0,0,0,0,0,0,0,0,0
1249664,6.1178,7,606720,1261568,444400,2,16736,34404,6.4028,4.9521,6,234,0,0,0,0,1,0,0,0,0,0,0,1,0,0,0,0,0
44856,6.3828,3,31744,57344,39438,3,34144,332,6.0092,3.0748,1,1,0,0,0,0,0,0,0,0,0,0,0,0,0,0,0,0,0
652490,6.2753,10,501760,671744,456432,3,0,34404,6.1676,4.2851,4,131,0,0,0,0,0,0,0,0,0,0,0,0,0,0,0,0,0
17667392,6.2866,8,11442176,17833984,1414672,3,16736,34404,6.5212,4.4701,14,528,0,0,0,0,1,0,0,0,0,0,0,1,0,1,0,1,0
968880,6.9654,5,899584,970752,70732,2,320,332,6.9558,5.2197,1,174,0,0,0,0,1,0,0,0,1,0,0,1,0,0,0,0,0
108051,6.2971,10,97280,139264,5152,3,1344,332,6.33,2.55,3,47,0,0,0,0,1,0,0,0,0,0,0,0,0,0,0,0,0
46455728,6.2348,9,20133888,54398976,537600,3,33120,34404,6.0789,4.2708,1,46,0,0,0,0,1,0,0,0,0,0,0,0,0,0,0,0,0
788016,6.0595,6,458752,794624,271380,3,352,34404,6.3865,4.7939,6,127,0,0,0,0,1,0,0,0,0,0,0,1,0,0,0,0,0
1249664,6.1178,7,606720,1261568,444400,2,16736,34404,6.4028,4.9521,6,234,0,0,0,0,1,0,0,0,0,0,0,1,0,0,0,0,0
146136,7.2615,2,0,135168,0,2,16736,34404,7.238,4.3432,0,0,0,0,0,0,0,0,0,0,0,0,0,0,0,0,0,0,0
8491088,6.4244,8,6074368,8556544,5400592,3,16736,34404,6.6294,4.1669,9,189,0,0,0,1,1,0,0,0,0,0,0,1,0,0,0,0,0
345448,6.0121,4,184320,356352,89298,2,0,332,6.6035,4.6955,12,309,0,0,0,1,1,0,0,0,0,0,0,1,0,0,0,0,0
874560,6.5838,7,558592,876544,424448,3,16736,34404,6.3365,4.6497,37,201,0,0,0,0,1,0,0,0,0,0,0,1,0,0,0,0,0
471632,6.4009,9,337408,503808,49920,3,16736,34404,6.494,3.6702,1,93,0,0,0,0,1,0,0,0,0,0,0,1,0,0,0,0,0
93160,6.5105,5,16896,94208,20562,2,320,332,6.1247,4.9636,8,48,0,0,0,0,0,0,0,0,0,0,0,1,0,0,0,0,0
18568,6.7558,2,6144,24576,0,3,34144,34404,5.8171,4.3818,0,0,0,0,0,0,0,0,0,0,0,0,0,0,0,0,0,0,0
4468376,6.6059,12,2642944,4644864,1698928,2,49504,34404,6.5154,3.8299,18,330,0,0,0,0,1,0,0,0,0,0,0,1,0,1,0,0,0
20672,6.9759,2,0,12288,0,3,352,34404,4.9792,4.1366,0,0,0,0,0,0,0,0,0,0,0,0,0,0,0,0,0,0,0
117840,6.1281,8,54784,131072,4832,2,49504,34404,6.451,3.8502,1,76,0,0,0,0,1,0,0,0,0,0,0,1,0,0,0,0,0
1996584,5.0908,7,336896,2002944,335072,2,16736,34404,6.0395,4.0412,9,78,0,0,0,0,1,0,0,0,0,0,0,1,0,0,0,0,0
289144,6.0989,6,148480,299008,136728,2,352,34404,6.2502,5.3045,12,182,0,0,0,0,1,0,0,0,0,0,0,1,0,0,0,0,0
36594,5.7208,10,18432,69632,4096,3,32768,34404,6.0966,2.8708,3,66,0,0,0,0,0,0,0,0,0,0,0,0,0,0,0,0,0
242688,6.1717,11,177152,278528,5088,3,352,34404,6.1487,3.328,3,107,0,0,0,0,1,0,0,0,0,0,0,0,0,0,0,0,0
15897944,5.8685,2,0,15888384,0,3,16736,34404,5.8657,3.6874,0,0,0,0,0,0,0,0,0,0,0,0,0,0,0,0,0,0,0
61110,5.9868,10,39424,86016,5120,3,352,34404,6.225,3.0315,3,68,0,0,0,0,1,0,0,0,0,0,0,0,0,0,0,0,0
7046072,6.5871,12,5001216,7118848,5104,3,352,34404,6.6464,3.5222,10,420,0,0,0,1,1,0,0,0,1,0,0,1,0,1,0,0,0
707416,6.5359,5,515072,700416,4096,3,320,332,6.7354,4.891,14,231,0,0,0,0,1,0,0,0,0,0,0,1,0,0,0,0,0
149120,6.4948,7,100352,155648,89952,2,16736,34404,6.3367,4.0689,15,124,0,0,0,0,0,0,0,0,0,0,0,0,0,0,0,0,0
247081,6.1291,10,68096,270336,4592,3,352,34404,6.2208,3.2569,5,106,0,0,0,1,1,0,0,0,0,0,0,0,0,0,0,0,0
319176,6.2418,6,218112,323584,4608,2,352,34404,6.2739,4.6854,1,70,0,0,0,0,1,0,0,0,0,0,0,1,0,0,0,0,0
20390992,6.551,9,16151040,20430848,15752112,3,16736,34404,6.8566,4.1486,5,146,0,0,0,0,1,0,0,0,0,0,0,1,0,0,0,0,0
137616,7.5402,12,15360,421888,5152,2,33120,34404,7.8883,2.9736,5,86,0,0,0,0,1,0,0,0,0,0,0,0,0,0,0,0,0
18925136,6.6466,10,11487744,19025920,10208432,3,16736,34404,6.6787,4.09,3,149,0,0,0,0,1,0,0,0,0,0,0,1,0,0,0,0,0
2062880,6.5424,9,582656,2080768,4880,3,16736,34404,6.7422,3.5087,1,89,0,0,0,0,1,0,0,0,0,0,0,1,0,0,0,0,0
7116136,6.0883,7,4540416,7114752,429232,3,16736,34404,6.3595,4.5589,14,316,0,0,0,0,1,0,0,0,0,0,0,1,0,0,0,0,0
53857,5.9669,10,34304,81920,5120,3,352,34404,6.1867,2.9839,4,75,0,0,0,0,1,0,0,0,0,0,0,0,0,0,0,0,0
28078,4.2843,10,4608,49152,4096,3,32768,34404,5.5229,2.3061,2,30,0,0,0,0,0,0,0,0,0,0,0,0,0,0,0,0,0
22288,6.5041,3,8192,32768,16342,3,34144,332,5.7847,2.9213,1,1,0,0,0,0,0,0,0,0,0,0,0,0,0,0,0,0,0
235680,6.1796,2,223232,245760,0,3,34144,34404,6.1075,4.501,0,0,0,0,0,0,0,0,0,0,0,0,0,0,0,0,0,0,0
24768,6.7841,2,0,16384,0,3,352,34404,4.9069,4.1003,0,0,0,0,0,0,0,0,0,0,0,0,0,0,0,0,0,0,0
94792,5.9522,3,75264,114688,83102,3,34112,332,5.8579,3.1989,1,1,0,0,0,0,0,0,0,0,0,0,0,0,0,0,0,0,0
3724640,6.0908,7,2182656,3727360,119584,3,16736,34404,6.3562,4.4137,21,573,0,0,0,0,1,0,0,0,0,0,0,1,0,1,0,1,0
1549843,7.0846,10,559104,1585152,5152,3,1344,332,7.3239,3.2136,4,143,0,0,0,1,1,0,0,0,0,0,0,0,0,1,0,0,0
21011,5.5346,10,11776,53248,5152,3,1344,332,5.9481,2.4208,5,62,0,0,0,0,1,0,0,0,0,0,0,0,0,0,0,0,0
58648,6.3946,6,23552,57344,10256,3,16736,34404,6.0429,3.785,8,70,0,0,0,0,1,0,0,0,0,0,0,1,0,0,0,0,0
851832,6.5743,7,620544,876544,609696,2,16736,34404,6.5357,4.4209,12,180,0,0,0,0,1,0,0,0,0,0,0,1,1,0,0,0,0
192584,6.1217,6,105984,200704,62532,2,352,34404,6.321,4.4806,1,91,0,0,0,0,1,0,0,0,0,0,0,1,0,0,0,0,0
487443,6.4353,10,389120,520192,5152,3,1344,332,6.7115,3.3195,5,152,0,0,0,1,1,0,0,0,0,0,0,0,0,0,0,0,0
75568,6.256,3,62464,90112,70254,3,34144,332,6.033,3.0594,1,1,0,0,0,0,0,0,0,0,0,0,0,0,0,0,0,0,0
67188,4.2043,10,7168,94208,5088,2,320,34404,5.7112,2.5821,4,49,0,0,0,0,0,0,0,0,0,0,0,0,0,0,0,0,0
131600,4.0239,2,0,131072,0,3,352,34404,3.6492,2.7081,0,0,0,0,0,0,0,0,0,0,0,0,0,0,0,0,0,0,0
18925136,6.6466,10,11487744,19025920,10208432,3,16736,34404,6.6787,4.09,3,149,0,0,0,0,1,0,0,0,0,0,0,1,0,0,0,0,0
1969664,6.4137,6,1163264,1990656,1065532,2,352,34404,6.3613,5.1738,2,765,0,0,0,0,1,0,0,0,0,0,0,1,0,0,0,0,0
976232,6.4688,7,761856,1015808,309024,3,16736,34404,6.4939,4.7733,17,198,0,0,0,0,1,0,0,0,0,0,0,1,0,0,0,0,0
3609456,6.2449,7,2129408,3624960,1973984,3,16736,34404,6.3645,4.7139,19,378,0,0,0,0,1,0,0,0,0,0,0,1,0,0,0,0,0
19861424,6.2057,8,8731136,20512768,471584,3,33120,34404,6.0936,4.2348,1,47,0,0,0,0,1,0,0,0,0,0,0,0,0,0,0,0,0
74259,5.9518,10,46592,106496,5152,3,1344,332,6.478,2.4878,3,51,0,0,0,0,1,0,0,0,0,0,0,0,0,0,0,0,0
176640,6.2734,5,118784,184320,113680,3,16704,332,6.6561,5.3757,9,131,0,0,0,0,1,0,0,0,0,0,0,1,0,0,0,0,0
31512,6.4826,6,4608,36864,5744,3,16736,34404,5.9136,3.2512,5,35,0,0,0,0,0,0,0,0,0,0,0,1,0,0,0,0,0
15379,5.1635,10,7168,49152,5152,3,1344,332,6.0831,2.2405,3,51,0,0,0,0,1,0,0,0,0,0,0,0,0,0,0,0,0
13091,4.364,10,5120,49152,7264,3,0,34404,5.5377,1.9399,5,23,0,0,0,0,0,0,0,0,0,0,0,0,0,0,0,0,0
1314416,5.5995,3,1295872,1327104,1303950,3,34112,332,5.5696,2.9135,1,1,0,0,0,0,0,0,0,0,0,0,0,0,0,0,0,0,0
900552,6.0007,7,483840,901120,227840,3,16736,34404,6.4146,3.8174,3,160,0,0,0,0,1,0,0,0,0,0,0,1,0,0,0,0,0
280840,6.4901,3,237568,270336,0,3,33120,34404,6.6381,4.5808,0,0,0,0,0,0,0,0,0,0,0,0,0,0,0,0,0,0,0
562744,3.6306,5,3584,557056,4902,2,320,332,5.7609,3.4933,4,23,0,0,0,0,0,0,0,0,0,0,0,1,0,0,0,0,0
15390640,6.2256,9,6703616,15769600,527968,3,33120,34404,6.1194,4.2108,1,46,0,0,0,0,1,0,0,0,0,0,0,0,0,0,0,0,0
50176,6.4238,7,17408,53248,15200,3,16736,34404,6.2369,3.1425,8,67,0,0,0,0,1,0,0,0,0,0,0,1,0,0,0,0,0
19136,7.0009,2,1536,12288,0,3,1344,332,4.3877,3.8409,0,0,0,0,0,0,0,0,0,0,0,0,0,0,0,0,0,0,0
405376,6.1025,7,229376,421888,216672,3,16736,34404,6.3871,3.9745,12,133,0,0,0,0,1,0,0,0,0,0,0,1,0,0,0,0,0
70978,6.1445,11,44032,102400,5104,3,352,34404,6.212,2.9782,3,86,0,0,0,0,1,0,0,0,0,0,0,0,0,0,0,0,0
30227,5.9188,10,20480,61440,5152,3,1344,332,6.2147,2.4492,3,54,0,0,0,0,1,0,0,0,0,0,0,0,0,0,0,0,0
5793048,6.6524,7,2937856,5816320,2879744,3,16736,34404,7.5503,5.3692,20,871,0,0,0,1,1,1,0,0,0,0,0,1,0,0,1,1,0
332568,6.2174,6,189952,331776,187296,3,16736,34404,6.2484,4.7785,8,132,0,0,0,0,1,0,0,0,0,0,0,1,0,0,0,0,0
16136,6.7069,3,3072,32768,10914,3,34144,332,5.2743,2.6471,1,1,0,0,0,0,0,0,0,0,0,0,0,0,0,0,0,0,0
805920,5.4866,3,793088,819200,800794,3,34144,332,5.4549,2.8526,1,1,0,0,0,0,0,0,0,0,0,0,0,0,0,0,0,0,0
34640,6.4693,7,7168,36864,5440,3,16736,34404,5.9806,2.3297,3,34,0,0,0,0,1,0,0,0,0,0,0,1,0,0,0,0,0
1860280,6.1507,7,1154560,1867776,24080,3,16736,34404,6.3968,4.4257,14,323,0,0,0,0,1,0,0,0,0,0,0,1,0,0,0,0,0
13077,4.2408,10,4096,45056,6256,3,0,34404,5.336,2.1347,5,34,0,0,0,0,0,0,0,0,0,0,0,0,0,0,0,0,0
1551360,6.6016,6,952320,1568768,944768,2,49504,34404,6.8126,5.4425,16,496,0,0,0,0,1,0,0,0,0,0,0,1,0,0,0,0,0
42200,7.0453,6,3584,28672,4944,3,16736,34404,5.9461,2.7704,3,25,0,0,0,0,0,0,0,0,0,0,0,1,0,0,0,0,0
81920,5.8402,10,49664,118784,4096,3,32768,34404,6.1712,2.9896,4,117,0,0,0,0,0,0,0,0,0,0,0,0,0,0,0,0,0
616448,5.5907,6,307712,753664,5104,2,16736,34404,6.4559,4.5794,17,197,0,0,0,1,1,1,0,0,0,0,0,1,0,1,0,0,0
25336,5.5278,3,15872,40960,23694,3,34112,332,4.5731,2.6006,1,1,0,0,0,0,0,0,0,0,0,0,0,0,0,0,0,0,0
2510736,6.4228,12,1999360,2658304,5184,3,33120,34404,6.2869,3.583,11,382,1,0,0,1,1,0,0,0,0,0,0,1,0,1,0,0,0
392920,7.1083,7,124928,434176,46560,2,33120,34404,7.6412,4.8265,6,154,0,0,0,0,1,0,0,0,0,0,0,1,0,0,0,0,0
33824,5.5849,10,16896,69632,4096,3,32768,34404,5.999,2.793,3,59,0,0,0,0,0,0,0,0,0,0,0,0,0,0,0,0,0
18549400,5.9562,6,3696640,18550784,3186464,3,16736,34404,7.9937,4.7756,26,114,0,0,0,0,1,0,0,0,0,0,0,1,0,0,0,0,0
290440,6.1368,2,262144,278528,0,3,34112,34404,5.9902,4.1789,0,0,0,0,0,0,0,0,0,0,0,0,0,0,0,0,0,0,0
481440,5.9079,3,459776,491520,467838,3,34112,332,5.8387,2.9143,1,1,0,0,0,0,0,0,0,0,0,0,0,0,0,0,0,0,0
475216,6.6471,7,359936,487424,188928,3,16704,332,6.6714,3.6626,9,179,0,0,0,0,1,0,0,0,0,0,0,1,0,1,0,0,0
1624144,7.9965,4,26112,61440,29332,2,256,332,6.6141,3.9046,6,77,0,0,0,0,1,0,0,0,0,0,0,0,0,0,0,0,0
17680,6.6024,3,4608,32768,12610,3,34144,332,5.1496,2.6409,1,1,0,0,0,0,0,0,0,0,0,0,0,0,0,0,0,0,0
976232,6.4688,7,761856,1015808,309024,3,16736,34404,6.4939,4.7733,17,198,0,0,0,0,1,0,0,0,0,0,0,1,0,0,0,0,0
134688,6.1633,3,121856,147456,129590,3,34144,332,6.0422,2.881,1,1,0,0,0,0,0,0,0,0,0,0,0,0,0,0,0,0,0
13843,5.0025,10,6656,49152,5152,3,1344,332,6.0855,2.1645,2,36,0,0,0,0,1,0,0,0,0,0,0,0,0,0,0,0,0
34552,6.0784,2,0,24576,0,3,1344,332,3.686,2.555,0,0,0,0,0,0,0,0,0,0,0,0,0,0,0,0,0,0,0
110000,6.2082,3,96768,122880,104934,3,34112,332,6.0276,3.0657,1,1,0,0,0,0,0,0,0,0,0,0,0,0,0,0,0,0,0
18624,6.9831,2,0,12288,0,3,352,34404,3.2941,3.2261,0,0,0,0,0,0,0,0,0,0,0,0,0,0,0,0,0,0,0
19648,6.9435,2,0,12288,0,3,352,34404,4.0468,3.6705,0,0,0,0,0,0,0,0,0,0,0,0,0,0,0,0,0,0,0
16136,6.7331,3,3072,32768,10894,3,34144,332,5.3382,2.7369,1,1,0,0,0,0,0,0,0,0,0,0,0,0,0,0,0,0,0
53536,6.7357,2,0,45056,0,3,16736,34404,6.0795,3.7436,0,0,0,0,0,0,0,0,0,0,0,0,0,0,0,0,0,0,0
165020,6.2253,10,115200,188416,4096,3,32768,34404,6.2148,3.4252,7,208,0,0,0,0,0,0,0,0,0,0,0,0,0,0,0,0,0
117904,6.4349,4,92672,122880,7452,3,320,332,6.524,5.0277,8,98,0,0,0,0,1,0,0,0,0,0,0,1,0,0,0,0,0
58938,6.337,5,34304,73728,11580,2,0,332,6.4478,5.4129,1,58,0,0,0,1,1,0,0,0,0,0,0,0,0,0,0,0,0
455344,6.698,5,400384,462848,243463,2,320,332,6.5776,5.3991,2,205,0,0,0,0,0,0,0,0,0,0,0,1,0,0,0,0,0
24080,7.081,2,0,16384,0,2,16736,34404,6.2103,3.8176,0,0,0,0,0,0,0,0,0,0,0,0,0,0,0,0,0,0,0
90112,5.281,3,77824,106496,82990,3,34112,332,5.8166,2.2937,1,1,0,0,0,0,0,0,0,0,0,0,0,0,0,0,0,0,0
34817,5.5864,10,16896,69632,4096,3,32768,34404,5.9977,2.7902,3,58,0,0,0,0,0,0,0,0,0,0,0,0,0,0,0,0,0
13331,4.887,10,6144,49152,5152,3,1344,332,5.9406,2.1763,2,36,0,0,0,0,1,0,0,0,0,0,0,0,0,0,0,0,0
21096,6.2029,6,4608,32768,6808,2,352,34404,5.7348,2.6778,2,48,0,0,0,1,1,0,0,0,0,0,0,1,0,0,0,0,0
16648,6.7405,3,3584,32768,11454,3,34144,332,5.4538,2.7823,1,1,0,0,0,0,0,0,0,0,0,0,0,0,0,0,0,0,0
51152,6.5501,3,22016,49152,30158,3,34112,332,5.5957,2.7303,1,1,0,0,0,0,0,0,0,0,0,0,0,0,0,0,0,0,0
964096,6.3114,2,0,974848,0,2,16736,34404,6.3141,4.1241,0,0,0,0,0,0,0,0,0,0,0,0,0,0,0,0,0,0,0
149479,6.2514,10,98304,176128,4096,3,32768,34404,6.2737,3.6027,3,134,0,0,0,0,0,0,0,0,0,0,0,0,0,0,0,0,0
19136,6.9654,2,0,12288,0,3,352,34404,3.6767,3.4854,0,0,0,0,0,0,0,0,0,0,0,0,0,0,0,0,0,0,0
15388592,6.2252,9,6704640,15765504,527968,2,33120,34404,6.119,4.2002,1,46,0,0,0,0,1,0,0,0,0,0,0,0,0,0,0,0,0
35216,6.4802,3,13312,40960,21246,3,34112,332,5.4843,2.6712,1,1,0,0,0,0,0,0,0,0,0,0,0,0,0,0,0,0,0
4741552,6.4229,8,3551232,4771840,1494368,3,16736,34404,6.4304,3.3481,3,131,0,0,0,0,1,0,0,0,0,0,0,1,0,0,0,0,0
125976,6.0964,10,78848,167936,5120,3,352,34404,6.1786,3.3868,3,127,0,0,0,0,1,0,0,0,0,0,0,0,0,0,0,0,0
2525584,6.4187,12,2010112,2670592,5184,3,33120,34404,6.2806,3.5568,11,386,1,0,0,1,1,0,0,0,0,0,0,1,0,1,0,0,0
71680,6.1042,6,15360,90112,16624,2,49504,34404,6.2403,3.3379,10,99,0,0,0,1,1,0,0,0,0,0,0,0,0,0,0,0,0
1681504,7.9322,6,110592,1691648,33792,2,49472,332,7.9854,4.8064,5,142,0,0,0,0,1,1,0,0,0,0,0,1,0,0,0,0,0
847733,4.4616,10,13312,880640,15376,3,0,34404,6.0129,2.7765,3,38,0,0,0,0,0,0,0,0,0,0,0,0,0,0,0,0,0
462928,6.3953,9,327680,491520,49312,3,16736,34404,6.4897,3.689,1,97,0,0,0,0,1,0,0,0,0,0,0,1,0,0,0,0,0
163884,6.2067,10,107008,1183744,4096,3,32768,34404,6.2046,3.422,3,84,0,0,0,0,0,0,0,0,0,0,0,0,0,0,0,0,0
14352,6.3017,2,0,16384,0,3,352,34404,3.5384,2.6421,0,0,0,0,0,0,0,0,0,0,0,0,0,0,0,0,0,0,0
1667968,5.919,7,882688,1667072,853920,3,16736,34404,6.2336,5.0078,13,147,0,0,0,0,1,0,0,0,0,0,0,1,0,0,0,1,0
121424,6.1394,8,58368,135168,5792,3,16736,34404,6.4572,3.6526,1,80,0,0,1,0,1,0,0,0,0,0,0,1,0,0,0,0,0
92176,6.2411,10,67072,122880,4096,3,32768,34404,6.2365,3.431,2,56,0,0,0,0,0,0,0,0,0,0,0,0,0,0,0,0,0
50528,6.0765,6,5120,45056,5259,3,320,332,6.032,4.2239,6,62,0,0,0,0,0,0,0,0,0,0,0,1,0,0,0,0,0
27144,6.8135,2,0,16384,0,3,16736,34404,5.3622,3.3974,0,0,0,0,0,0,0,0,0,0,0,0,0,0,0,0,0,0,0
44827016,5.8917,3,44815360,44843008,44822898,3,34144,332,5.8911,3.0185,1,1,0,0,0,0,0,0,0,0,0,0,0,0,0,0,0,0,0
2289520,7.4995,2,0,2281472,0,3,1344,332,7.4976,4.4778,0,0,0,0,0,0,0,0,0,0,0,0,0,0,0,0,0,0,0
45440,6.108,3,33792,65536,41558,3,34144,332,5.7765,2.9794,1,1,0,0,0,0,0,0,0,0,0,0,0,0,0,0,0,0,0
25619,6.0132,10,17920,61440,5152,3,1344,332,6.4647,2.4271,3,38,0,0,0,0,1,0,0,0,0,0,0,0,0,0,0,0,0
71520,5.0792,6,28672,61440,23088,3,16736,34404,6.0173,2.1297,19,71,0,0,0,0,1,0,0,0,0,0,0,1,0,0,0,0,0
247912,5.5763,3,229376,253952,237150,3,34144,332,5.3964,2.8493,1,1,0,0,0,0,0,0,0,0,0,0,0,0,0,0,0,0,0
63727,6.0445,10,39424,90112,5136,3,352,34404,6.2318,3.3786,5,82,0,0,0,0,0,0,0,0,0,0,0,0,0,0,0,0,0
93008,6.3221,7,48640,94208,44944,3,16736,34404,6.1893,3.9208,17,103,0,0,0,0,1,0,0,0,0,0,0,1,0,0,0,0,0
18624,7.0473,2,0,12288,0,3,352,34404,4.6336,3.9638,0,0,0,0,0,0,0,0,0,0,0,0,0,0,0,0,0,0,0
8666512,6.4446,6,2726400,8802304,891413,3,320,332,6.5762,5.0111,17,326,0,0,0,0,1,0,0,0,0,0,0,1,1,1,0,0,0
1220296,6.0685,5,706560,1224704,4101,3,320,332,6.3689,5.1711,1,143,0,0,0,0,1,0,0,0,0,0,0,1,0,0,0,0,0
479232,6.7571,6,331776,483328,330962,2,0,332,6.9452,4.8861,3,55,0,0,0,0,0,0,0,0,0,0,0,1,0,0,0,0,0
1038680,3.5946,2,0,1028096,0,2,1344,332,3.4714,2.2477,0,0,0,0,0,0,0,0,0,0,0,0,0,0,0,0,0,0,0
3826123,6.2753,11,3061760,3915776,4096,3,32768,34404,6.2928,3.8052,6,268,0,0,0,0,0,0,0,0,0,0,0,0,0,0,0,0,0
54784,5.7827,6,34304,77824,36160,2,49504,34404,6.1251,3.4376,8,94,0,0,0,0,1,0,0,0,0,0,0,1,0,0,0,0,0
31328,5.1445,5,1024,40960,4848,2,17728,332,3.4272,1.6277,1,1,0,0,0,0,0,0,0,0,0,0,0,0,0,0,0,0,0
5052184,6.8712,6,3308032,5054464,550064,3,16704,332,7.5503,5.658,20,842,0,0,0,1,1,0,0,0,0,0,0,1,0,0,0,0,0
1515712,6.5207,6,1013760,1519616,22864,3,16704,332,6.5991,4.5177,14,316,0,0,0,0,1,0,0,0,0,0,0,1,0,0,0,0,0
62792,5.4229,2,0,53248,0,2,1344,332,3.8748,2.4452,0,0,0,0,0,0,0,0,0,0,0,0,0,0,0,0,0,0,0
19475,5.4464,10,10752,53248,5152,3,1344,332,6.0244,2.3513,3,60,0,0,0,0,1,0,0,0,0,0,0,0,0,0,0,0,0
26816,6.6325,2,9216,20480,0,3,1344,332,4.6826,3.9895,0,0,0,0,0,0,0,0,0,0,0,0,0,0,0,0,0,0,0
13593,4.3756,10,4608,49152,6832,3,0,34404,5.798,1.8475,3,36,0,0,0,0,0,0,0,0,0,0,0,0,0,0,0,0,0
64032,5.913,3,50688,81920,58714,3,34144,332,5.5209,3.2591,1,1,0,0,0,0,0,0,0,0,0,0,0,0,0,0,0,0,0
3177352,6.0077,7,1687040,3178496,22112,3,16736,34404,6.4,4.4697,17,533,0,0,0,0,1,1,0,0,0,0,0,1,0,1,0,0,0
3099216,6.6451,7,2465792,3121152,2242816,3,16736,34404,6.5089,4.6836,4,154,0,0,0,1,1,0,0,0,0,0,0,1,0,0,0,0,0
2725528,6.5095,11,2234368,2883584,1398160,2,49504,34404,6.4867,3.54,12,273,0,0,0,0,1,0,0,0,0,0,0,1,0,1,0,0,0
1009112,6.0127,6,508928,1253376,500000,3,49504,34404,6.4167,4.7955,22,333,0,0,0,1,1,1,0,0,0,0,0,1,0,1,0,0,0
1143216,6.586,7,990208,1679360,992944,2,352,34404,6.5871,4.2114,10,141,0,0,0,0,0,0,0,0,0,0,0,1,0,0,0,0,0
534368,6.2049,8,356864,544768,345248,2,49504,34404,6.3014,3.9812,12,339,0,0,0,0,1,0,0,0,0,0,0,1,0,1,0,1,0
393824,5.8564,8,191488,413696,113376,2,16736,43620,6.3723,4.5109,1,117,0,0,0,0,1,0,0,0,0,0,0,1,0,0,0,0,0
26760,6.5155,2,14336,32768,0,3,34144,34404,5.8312,4.2979,0,0,0,0,0,0,0,0,0,0,0,0,0,0,0,0,0,0,0
2142208,6.1991,3,2129920,2154496,2134574,3,1344,332,6.2211,2.5313,1,1,0,0,0,0,0,0,0,0,0,0,0,0,0,0,0,0,0
495976,5.5768,6,19456,512000,19488,3,16736,34404,6.4239,4.2915,5,43,0,0,0,0,0,0,0,0,0,0,0,1,0,0,0,0,0
136723,5.7055,10,89600,167936,5152,3,1344,332,6.1833,2.5856,5,81,0,0,0,0,1,0,0,0,0,0,0,0,0,0,0,0,0
62483,6.3104,10,50176,98304,5152,3,1344,332,6.4155,2.7348,3,64,0,0,0,0,1,0,0,0,0,0,0,0,0,0,0,0,0
432128,7.0149,6,183296,450560,168240,3,16704,332,7.0167,5.1667,10,196,0,0,0,0,1,0,0,0,0,0,0,0,0,0,0,0,0
19987,5.7433,10,12800,57344,5152,3,1344,332,6.3277,2.331,3,40,0,0,0,0,1,0,0,0,0,0,0,0,0,0,0,0,0
26643,5.947,10,19456,61440,5152,3,1344,332,6.2722,2.3242,3,40,0,0,0,0,1,0,0,0,0,0,0,0,0,0,0,0,0
21184,6.9093,2,0,12288,0,3,352,34404,4.6703,3.9822,0,0,0,0,0,0,0,0,0,0,0,0,0,0,0,0,0,0,0
25352,6.543,3,12288,40960,20198,3,34144,332,5.8498,3.0157,1,1,0,0,0,0,0,0,0,0,0,0,0,0,0,0,0,0,0
88598,6.1469,10,52736,110592,4096,3,32768,34404,6.2297,3.3066,6,152,0,0,0,0,0,0,0,0,0,0,0,0,0,0,0,0,0
79736,6.8068,5,51200,81920,5424,2,16704,332,6.5718,5.1935,12,79,0,0,0,0,1,0,0,0,0,0,0,1,0,0,0,0,0
5052184,6.8712,6,3308032,5054464,550064,3,16704,332,7.5503,5.658,20,842,0,0,0,1,1,0,0,0,0,0,0,1,0,0,0,0,0
110000,6.2082,3,96768,122880,104934,3,34112,332,6.0276,3.0657,1,1,0,0,0,0,0,0,0,0,0,0,0,0,0,0,0,0,0
36864,4.0111,3,20480,49152,26350,3,1344,332,4.6602,2.9246,1,1,0,0,0,0,0,0,0,0,0,0,0,0,0,0,0,0,0
41819,5.7098,10,21504,73728,4096,3,32768,34404,6.1444,2.7989,3,68,0,0,0,0,0,0,0,0,0,0,0,0,0,0,0,0,0
82592,6.3147,4,63488,94208,23442,2,33088,332,6.3998,4.2131,6,86,0,0,0,0,1,0,0,0,0,0,0,1,0,0,0,0,0
37637056,5.9961,7,20664832,37634048,22736,2,16736,34404,6.7274,5.2943,27,1133,0,0,0,0,1,0,0,0,0,0,0,1,1,1,0,0,0
29280,5.2923,5,1024,36864,4848,2,17728,332,3.5375,1.6517,1,1,0,0,0,0,0,0,0,0,0,0,0,0,0,0,0,0,0
60120,6.9121,6,15360,49152,16656,3,16736,34404,6.3555,3.7292,5,41,0,0,0,0,1,0,0,0,0,0,0,0,0,0,0,0,0
1032224,5.9716,3,1019392,1048576,1027542,3,34144,332,5.9552,2.8343,1,1,0,0,0,0,0,0,0,0,0,0,0,0,0,0,0,0,0
29792,5.7699,5,1024,36864,4848,2,17728,332,4.1888,1.7789,1,1,0,0,0,0,0,0,0,0,0,0,0,0,0,0,0,0,0
968880,6.9654,5,899584,970752,70732,2,320,332,6.9558,5.2197,1,174,0,0,0,0,1,0,0,0,1,0,0,1,0,0,0,0,0
13331,4.933,10,6144,49152,5152,3,1344,332,5.9381,2.2171,3,37,0,0,0,0,1,0,0,0,0,0,0,0,0,0,0,0,0
534368,6.2049,8,356864,544768,345248,2,49504,34404,6.3014,3.9812,12,339,0,0,0,0,1,0,0,0,0,0,0,1,0,1,0,1,0
2379376,5.2991,3,2351104,2375680,2359246,3,34112,332,5.2885,2.23,1,1,0,0,0,0,0,0,0,0,0,0,0,0,0,0,0,0,0
97328,6.1705,7,46592,102400,42672,3,16736,34404,6.1045,3.7177,10,107,0,0,0,0,1,0,0,0,0,0,0,1,0,0,0,0,0
1033088,5.2382,3,1011712,1040384,1015854,3,34112,332,5.25,2.0319,1,1,0,0,0,0,0,0,0,0,0,0,0,0,0,0,0,0,0
3307352,6.105,6,2118656,3305472,712816,3,16736,34404,6.3408,4.9543,12,106,0,0,0,0,1,0,0,0,0,0,0,1,0,0,0,0,0
1905152,6.6421,5,1822720,1929216,1745952,2,16704,332,6.656,5.4011,11,225,0,0,0,1,1,0,0,0,0,0,0,0,0,0,0,0,0
671616,5.9482,3,659968,688128,667418,3,34144,332,5.928,2.8628,1,1,0,0,0,0,0,0,0,0,0,0,0,0,0,0,0,0,0
44304,6.3065,3,30720,57344,38442,3,34144,332,5.9387,2.9735,1,1,0,0,0,0,0,0,0,0,0,0,0,0,0,0,0,0,0
99200,6.1117,7,40960,102400,37600,3,16736,34404,6.2368,3.9591,12,130,0,0,0,0,1,1,0,0,0,0,0,1,0,0,0,0,0
44320,7.0935,2,0,36864,0,3,16736,34404,6.8061,4.1069,0,0,0,0,0,0,0,0,0,0,0,0,0,0,0,0,0,0,0
288072,4.793,5,60928,282624,4142,3,320,332,6.5485,5.12,16,127,0,0,0,1,1,0,0,0,0,0,0,1,0,0,0,0,0
18925136,6.6466,10,11487744,19025920,10208432,3,16736,34404,6.6787,4.09,3,149,0,0,0,0,1,0,0,0,0,0,0,1,0,0,0,0,0
51464,5.7517,3,28672,40960,0,3,33120,34404,6.0589,3.4481,0,0,0,0,0,0,0,0,0,0,0,0,0,0,0,0,0,0,0
23059,5.629,10,13824,57344,5152,3,1344,332,6.1566,2.3455,3,57,0,0,0,0,1,0,0,0,0,0,0,0,0,0,0,0,0
16915,5.2636,10,8704,53248,5152,3,1344,332,5.8921,2.3176,3,46,0,0,0,0,1,0,0,0,0,0,0,0,0,0,0,0,0
250336,6.6759,5,203264,245760,169920,3,16704,332,6.4731,5.0953,8,129,0,0,0,0,1,0,0,0,0,0,0,1,0,0,0,0,0
239280,6.3218,6,121856,237568,116928,2,352,34404,6.7837,4.6658,9,131,0,0,0,0,1,0,0,0,0,0,0,1,0,0,0,0,0
88690960,8.0,3,69632,286720,216992,2,0,332,7.8779,5.135,2,5,0,0,0,1,1,0,0,0,0,0,0,0,0,0,0,0,0
62461,5.9237,10,41472,94208,4592,3,352,34404,6.1977,2.6987,3,41,0,0,0,0,1,0,0,0,0,0,0,0,0,0,0,0,0
461192,6.3829,6,309248,475136,300896,3,16736,34404,6.4584,4.7733,13,77,0,0,0,0,0,0,0,0,0,0,0,1,0,0,0,0,0
18963,5.4654,10,10752,53248,5152,3,1344,332,6.2435,2.2821,3,45,0,0,0,0,1,0,0,0,0,0,0,0,0,0,0,0,0
50504,6.0779,6,5120,45056,5259,3,320,332,6.032,4.2218,6,62,0,0,0,0,0,0,0,0,0,0,0,1,0,0,0,0,0
29432,6.6399,6,4096,28672,4960,3,16736,34404,5.9911,2.7389,3,25,0,0,0,0,0,0,0,0,0,0,0,1,0,0,0,0,0
31896,6.8624,5,8704,32768,10430,3,320,332,6.2757,4.6278,2,27,0,0,0,0,0,0,0,0,0,0,0,1,0,0,0,0,0
2684816,6.1782,7,1721344,2686976,1345872,3,16736,34404,6.4049,4.4838,7,280,0,0,0,0,1,0,0,0,0,0,0,1,0,1,0,1,0
405376,6.1025,7,229376,421888,216672,3,16736,34404,6.3871,3.9745,12,133,0,0,0,0,1,0,0,0,0,0,0,1,0,0,0,0,0
284000,6.0415,7,157184,286720,147200,2,16736,34404,6.2542,4.5245,14,265,0,0,0,0,1,0,0,0,0,0,0,1,0,1,0,0,0
15280,6.9158,3,2560,32768,10574,3,34112,332,5.0899,2.5322,1,1,0,0,0,0,0,0,0,0,0,0,0,0,0,0,0,0,0
92024,6.0428,3,80384,106496,88414,3,34144,332,5.8869,2.9956,1,1,0,0,0,0,0,0,0,0,0,0,0,0,0,0,0,0,0
33392,6.5735,3,14848,40960,22862,3,34112,332,5.654,2.9414,1,1,0,0,0,0,0,0,0,0,0,0,0,0,0,0,0,0,0
498512,6.0878,7,320000,503808,307280,3,16736,34404,6.357,4.3158,10,239,0,0,0,0,1,0,0,0,0,0,0,1,0,0,0,0,0
987416,6.5719,2,0,978944,0,2,16736,34404,6.5533,4.0057,0,0,0,0,0,0,0,0,0,0,0,0,0,0,0,0,0,0,0
829992,6.5118,6,36864,835584,14928,2,49216,332,6.4646,4.1933,8,106,0,0,0,0,1,0,0,0,0,0,0,1,0,0,0,0,0
26815296,5.7803,8,6434304,26812416,22832,2,49504,34404,6.4078,4.7892,27,790,0,0,0,0,1,0,0,0,0,0,0,1,0,1,0,0,0
56944,5.5687,3,28672,57344,33726,3,34112,332,5.6274,2.4056,1,1,0,0,0,0,0,0,0,0,0,0,0,0,0,0,0,0,0
249144,5.8313,8,137216,253952,130368,2,49504,34404,6.2095,3.9199,14,223,0,0,0,0,1,0,0,0,0,0,0,1,0,0,0,0,0
105288,6.1863,7,45568,106496,42640,3,16736,34404,6.3523,3.833,9,98,0,0,0,0,1,1,0,0,0,0,0,1,0,0,0,0,0
129184,5.8084,2,116736,139264,0,3,34144,34404,5.6159,4.2843,0,0,0,0,0,0,0,0,0,0,0,0,0,0,0,0,0,0,0
247656,6.176,7,158208,245760,152240,3,16736,34404,6.2824,4.1453,13,198,0,0,0,0,1,1,0,0,0,0,0,1,0,0,0,0,0
90184,6.2624,3,77312,106496,85094,3,34144,332,6.0928,2.9901,1,1,0,0,0,0,0,0,0,0,0,0,0,0,0,0,0,0,0
407954,6.3258,10,281600,417792,4096,3,32768,34404,6.1994,3.8301,8,388,0,0,0,0,0,0,0,0,0,0,0,0,0,0,0,0,0
189440,5.6682,6,98816,208896,96512,2,16736,34404,6.2466,4.3861,25,101,0,0,0,0,1,0,0,0,0,0,0,1,0,0,0,0,0
259912,5.9703,7,143872,262144,139056,3,16736,34404,6.2702,4.1738,12,189,0,0,0,0,1,1,0,0,0,0,0,1,0,0,0,0,0
362712,6.1207,6,168448,348160,167296,3,16736,34404,6.2381,4.9689,14,114,0,0,0,0,1,0,0,0,0,0,0,1,0,0,0,0,0
37408,5.8609,3,23040,49152,30786,3,34112,332,5.0431,2.8401,1,1,0,0,0,0,0,0,0,0,0,0,0,0,0,0,0,0,0
23059,5.6679,10,14848,57344,5152,3,1344,332,6.1692,2.3188,3,45,0,0,0,0,1,0,0,0,0,0,0,0,0,0,0,0,0
5071704,6.7014,2,0,5062656,0,3,1344,332,6.6966,4.1143,0,0,0,0,0,0,0,0,0,0,0,0,0,0,0,0,0,0,0
4742224,6.4078,9,3763200,4841472,3114896,3,16736,34404,6.3337,3.9464,3,138,0,0,0,0,1,0,0,0,0,0,0,1,0,0,0,0,0
20808,6.9008,3,2048,32768,9854,3,34112,332,4.6915,2.5267,1,1,0,0,0,0,0,0,0,0,0,0,0,0,0,0,0,0,0
6065544,6.0963,3,6053888,6078464,6061846,3,34144,332,6.0944,3.0739,1,1,0,0,0,0,0,0,0,0,0,0,0,0,0,0,0,0,0
71435,6.1189,10,48640,98304,4096,3,32768,34404,6.3026,3.0022,3,83,0,0,0,0,0,0,0,0,0,0,0,0,0,0,0,0,0
17194,4.6178,10,5632,49152,8144,3,0,34404,5.5094,2.3277,2,56,0,0,0,0,0,0,0,0,0,0,0,0,0,0,0,0,0
97811,6.3752,10,79360,131072,5152,3,1344,332,6.4292,3.1698,3,71,0,0,0,0,1,0,0,0,0,0,0,0,0,0,0,0,0
312648,6.1012,7,181760,315392,166640,2,16736,34404,6.2339,4.6567,12,156,0,0,0,0,1,1,0,0,0,0,0,1,0,0,0,0,0
335784,5.3863,2,0,327680,0,3,16736,34404,5.2352,3.3245,0,0,0,0,0,0,0,0,0,0,0,0,0,0,0,0,0,0,0
664576,4.2044,6,147456,675840,148176,2,16736,34404,6.1559,3.9796,11,199,0,0,0,0,1,0,0,0,0,0,0,1,0,0,0,0,0
263072,6.2036,9,180736,270336,101824,3,16736,34404,6.3509,4.4733,15,105,0,0,0,0,1,0,0,0,0,0,0,1,0,0,0,0,0
519088,5.5741,3,505856,532480,513726,3,34112,332,5.5196,2.727,1,1,0,0,0,0,0,0,0,0,0,0,0,0,0,0,0,0,0
1026904,6.2416,7,760832,1024000,749248,2,16736,34404,6.3757,4.3014,15,273,0,0,0,0,1,0,0,0,0,0,0,1,0,0,0,0,0
96528,6.1006,3,69632,86016,0,3,33120,34404,6.3045,3.9225,0,0,0,0,0,0,0,0,0,0,0,0,0,0,0,0,0,0,0
79872,6.3328,6,70144,98304,70752,2,16704,332,6.5254,4.4098,6,78,0,0,0,0,1,0,0,0,0,0,0,0,0,0,0,0,0
1517752,6.5225,6,1015296,1523712,22864,3,16704,332,6.6032,4.5221,14,316,0,0,0,0,1,0,0,0,0,0,0,1,0,0,0,0,0
635256,5.8158,7,456704,638976,9286,2,320,332,6.2529,3.7742,10,538,0,0,0,0,0,0,0,0,0,0,0,1,0,0,0,0,0
5530928,6.3773,7,3823616,5558272,2533984,2,16736,34404,6.4763,5.0446,23,485,0,0,0,1,1,0,0,0,0,0,0,1,0,0,0,0,0
19136,7.0156,2,0,12288,0,3,352,34404,4.486,3.89,0,0,0,0,0,0,0,0,0,0,0,0,0,0,0,0,0,0,0
500472,6.119,7,239104,512000,142680,2,33120,34404,6.3556,4.3889,6,123,0,0,0,0,1,0,0,0,1,0,1,1,0,0,0,0,0
99000,6.3377,6,49152,98304,48988,3,352,34404,6.3654,4.6995,3,52,0,0,0,0,0,0,0,0,0,0,0,1,0,0,0,0,0
31721,4.1662,10,4096,45056,4096,3,32768,34404,5.4555,2.1392,4,44,0,0,0,0,0,0,0,0,0,0,0,0,0,0,0,0,0
800280,5.4788,3,787456,819200,795418,3,34144,332,5.4464,2.8539,1,1,0,0,0,0,0,0,0,0,0,0,0,0,0,0,0,0,0
450024,6.674,6,403456,454656,252256,3,16704,332,6.5945,4.5053,13,172,0,0,0,0,1,0,0,0,0,0,0,1,0,0,0,0,0
33824,5.5849,10,16896,69632,4096,3,32768,34404,5.999,2.793,3,59,0,0,0,0,0,0,0,0,0,0,0,0,0,0,0,0,0
60120,6.9121,6,15360,49152,16656,3,16736,34404,6.3555,3.7292,5,41,0,0,0,0,1,0,0,0,0,0,0,0,0,0,0,0,0
29160,6.8658,5,7168,28672,7632,3,16704,332,5.6154,4.4513,5,34,0,0,0,0,0,0,0,0,0,0,0,1,0,0,0,0,0
127507,6.4876,10,101376,155648,5152,3,1344,332,6.4407,3.2313,4,97,0,0,0,0,1,0,0,0,0,0,0,0,0,0,0,0,0
498512,6.0878,7,320000,503808,307280,3,16736,34404,6.357,4.3158,10,239,0,0,0,0,1,0,0,0,0,0,0,1,0,0,0,0,0
474152,6.68,3,427008,475136,434974,2,34112,332,6.6968,3.2471,1,1,0,0,0,0,0,0,0,0,0,0,0,0,0,0,0,0,0
147456,6.132,7,106496,167936,23744,3,16736,34404,6.1893,4.3532,34,155,0,0,0,0,1,0,0,0,0,0,0,1,0,1,0,0,0
627992,6.3605,7,331776,634880,316448,3,16736,34404,6.3671,4.4549,13,178,0,0,0,0,1,0,0,0,0,0,0,1,0,0,0,0,0
258048,6.4706,4,184320,262144,102189,3,0,332,6.5929,5.2128,8,303,0,0,0,1,1,1,0,0,0,0,0,1,0,0,0,1,0
543312,6.4258,9,397824,577536,67360,2,49504,34404,6.5017,3.8991,9,129,0,0,0,0,1,0,0,0,0,0,0,1,0,0,0,0,0
10785112,6.2408,7,6911488,10788864,325888,3,16736,34404,6.4622,4.7048,15,405,0,0,0,0,1,0,0,0,0,0,0,1,0,0,0,0,0
23904,7.0677,2,0,16384,0,2,352,34404,6.0143,3.5029,0,0,0,0,0,0,0,0,0,0,0,0,0,0,0,0,0,0,0
22720,6.8331,2,5120,16384,0,3,1344,332,4.6923,3.9929,0,0,0,0,0,0,0,0,0,0,0,0,0,0,0,0,0,0,0
55584,7.1967,2,0,45056,0,3,16736,34404,6.8621,4.1349,0,0,0,0,0,0,0,0,0,0,0,0,0,0,0,0,0,0,0
174112,5.4595,8,86016,167936,5424,3,16736,34404,6.095,2.4288,30,92,0,0,0,0,1,0,0,0,0,0,0,1,0,0,0,0,0
11393824,6.4734,5,9286144,11534336,9277600,3,16736,34404,6.5279,5.3201,17,299,0,0,0,0,1,0,0,0,0,0,0,1,0,0,0,0,0
918328,5.6085,7,522240,917504,505488,3,16736,34404,6.3107,4.2359,13,174,0,0,0,0,1,0,0,0,0,0,0,1,0,0,0,0,0
805128,6.741,3,692224,794624,0,3,33120,34404,6.8138,5.5296,0,0,0,0,0,0,0,0,0,0,0,0,0,0,0,0,0,0,0
5821208,6.634,7,2942464,5853184,2884096,3,16736,34404,7.5503,5.3415,20,851,0,0,0,0,1,0,0,0,0,0,0,1,0,0,0,0,0
505160,5.2682,11,310272,516096,19728,3,16736,34404,5.3589,2.9786,10,213,0,0,0,0,1,0,0,0,0,0,0,1,0,1,0,0,0
25641112,6.5679,9,20997120,25669632,20614640,3,16736,34404,6.812,4.1611,5,145,0,0,0,0,1,0,0,0,0,0,0,1,0,0,0,0,0
228448,5.9675,8,93696,249856,24032,2,49504,34404,6.4894,3.8694,1,101,0,0,0,0,1,0,0,0,0,0,0,1,0,0,0,0,0
4394648,6.4928,11,3732992,4550656,2296864,2,49504,34404,6.4467,3.5833,15,374,0,0,0,0,1,0,0,0,0,0,0,1,0,1,0,0,0
33823,5.6654,10,16896,69632,4096,3,32768,34404,6.0987,2.8173,3,59,0,0,0,0,0,0,0,0,0,0,0,0,0,0,0,0,0
42003,5.9134,10,26624,73728,5152,3,1344,332,5.9309,2.5018,3,107,0,0,0,0,1,0,0,0,0,0,0,0,0,0,0,0,0
18310,5.0261,10,7680,49152,9888,3,0,34404,5.9235,2.2518,4,47,0,0,0,0,0,0,0,0,0,0,0,0,0,0,0,0,0
77312,6.54,7,60928,307200,27894,2,0,332,6.6521,4.7484,5,128,0,0,0,1,1,1,0,0,1,1,0,0,0,0,0,0,0
16136,6.7713,3,3072,32768,11150,3,34144,332,5.5319,2.8021,1,1,0,0,0,0,0,0,0,0,0,0,0,0,0,0,0,0,0
24904,6.9535,2,0,16384,0,3,16736,34404,5.71,3.5951,0,0,0,0,0,0,0,0,0,0,0,0,0,0,0,0,0,0,0
509336,6.1106,7,297472,512000,286112,3,16736,34404,6.3595,3.7996,11,235,0,0,0,0,1,0,0,0,0,0,0,1,0,0,0,0,0
20672,6.9792,2,3072,12288,0,3,1344,332,4.9921,4.1431,0,0,0,0,0,0,0,0,0,0,0,0,0,0,0,0,0,0,0
615936,4.1218,5,152064,630784,153440,2,16704,332,6.5554,4.2953,11,196,0,0,0,0,1,0,0,0,0,0,0,1,0,0,0,0,0
23472,6.5522,3,10752,40960,18530,3,34112,332,5.4001,2.7856,1,1,0,0,0,0,0,0,0,0,0,0,0,0,0,0,0,0,0
15788336,6.219,8,12363776,15798272,12125040,2,49504,34404,6.4234,4.4926,22,398,0,0,0,0,1,0,0,0,0,0,0,1,0,0,0,0,0
10396179,6.6098,11,8078336,17231872,5152,3,1344,332,6.7129,3.3044,6,242,0,0,0,0,1,0,0,0,0,0,0,0,0,0,0,0,0
846536,6.1826,6,585216,843776,537136,2,16736,34404,6.2295,5.2299,12,234,0,0,0,0,1,0,0,0,0,0,0,1,0,0,0,0,0
159763,6.2716,10,136704,192512,5152,3,1344,332,6.1653,3.005,4,129,0,0,0,0,1,0,0,0,0,0,0,0,0,0,0,0,0
19136,6.9654,2,0,12288,0,3,352,34404,3.6767,3.4854,0,0,0,0,0,0,0,0,0,0,0,0,0,0,0,0,0,0,0
44563,6.0779,10,31744,77824,5152,3,1344,332,6.1812,2.6829,4,71,0,0,0,0,1,0,0,0,0,0,0,0,0,0,0,0,0
224664,6.2872,7,144896,249856,141840,3,16736,34404,6.4312,4.0219,15,137,0,0,0,0,1,0,0,0,0,0,0,1,0,0,0,0,0
2057632,6.1299,7,1573376,2072576,1511328,2,16736,34404,6.0628,4.4901,28,296,0,0,0,1,1,0,0,0,0,0,0,1,0,0,0,0,0
963240,6.6343,6,681984,978944,141772,2,352,34404,6.5793,5.2496,1,178,0,0,0,0,1,0,0,0,1,0,0,1,0,0,0,0,0
19136,6.9697,2,1536,12288,0,3,1344,332,3.6568,3.4755,0,0,0,0,0,0,0,0,0,0,0,0,0,0,0,0,0,0,0
29792,5.2369,5,1024,36864,4848,2,17728,332,3.4623,1.639,1,1,0,0,0,0,0,0,0,0,0,0,0,0,0,0,0,0,0
7262616,6.7366,3,7225344,7249920,7231502,3,34112,332,6.7353,3.3315,1,1,0,0,0,0,0,0,0,0,0,0,0,0,0,0,0,0,0
300970,5.8394,10,145408,331776,4592,3,352,34404,6.2373,3.3259,5,126,0,0,0,0,1,0,0,0,0,0,0,0,0,0,0,0,0
28872,6.0335,2,0,20480,0,3,16736,34404,3.2846,2.37,0,0,0,0,0,0,0,0,0,0,0,0,0,0,0,0,0,0,0
15525752,6.0689,6,9854464,16056320,9433072,3,16736,34404,6.4846,4.6052,4,151,0,0,0,0,1,0,0,0,0,0,0,1,0,0,0,0,0
1300816,6.262,7,832000,1318912,314304,3,16736,34404,6.4187,4.2814,15,190,0,0,0,0,1,0,0,0,0,0,0,1,0,0,0,0,0
57656,6.0227,8,11264,65536,9664,2,49504,34404,5.861,2.9838,10,62,0,0,0,0,1,0,0,0,0,0,0,1,0,0,0,0,0
457728,5.7443,8,282112,479232,92320,2,16736,34404,6.2192,3.6041,6,179,0,0,0,1,1,0,0,0,0,0,0,1,0,1,0,0,0
19861424,6.2057,8,8731136,20512768,471584,3,33120,34404,6.0936,4.2348,1,47,0,0,0,0,1,0,0,0,0,0,0,0,0,0,0,0,0
3093296,6.4463,7,2316288,3092480,462080,3,16736,34404,6.5301,4.7203,14,241,0,0,0,0,1,0,0,0,0,0,0,1,0,0,0,0,0
45827,4.9264,10,9728,57344,4096,3,32768,34404,5.8099,2.9674,3,57,0,0,0,0,0,0,0,0,0,0,0,0,0,0,0,0,0
568056,6.5583,6,324096,561152,318128,3,16736,34404,6.3579,4.9265,14,198,0,0,0,0,1,0,0,0,0,0,0,1,0,0,0,0,0
110512,5.5216,3,95744,122880,103866,3,34112,332,5.1638,2.848,1,1,0,0,0,0,0,0,0,0,0,0,0,0,0,0,0,0,0
48800,6.6847,6,14336,81920,15872,3,16736,34404,6.16,3.4166,9,57,0,0,0,0,1,0,0,0,0,0,0,0,0,0,0,0,0
40376,6.4493,6,10240,40960,10032,3,16736,34404,6.1655,3.4923,7,58,0,0,0,0,1,0,0,0,0,0,0,1,0,0,0,0,0
23059,5.9455,10,14848,57344,5152,3,1344,332,6.3785,2.4651,3,46,0,0,0,0,1,0,0,0,0,0,0,0,0,0,0,0,0
1638912,6.9526,5,623616,1654784,528160,2,16704,332,6.9994,5.778,20,719,0,0,0,1,1,0,0,0,0,0,0,0,0,0,0,0,0
94992,6.2568,3,81920,106496,90030,3,34144,332,6.0827,3.1215,1,1,0,0,0,0,0,0,0,0,0,0,0,0,0,0,0,0,0
5062136,6.6104,11,4005888,5316608,2234768,3,16864,34404,6.6114,3.7061,7,217,0,0,0,0,1,0,0,0,0,0,0,1,0,1,0,0,0
636808,4.7762,7,285184,638976,280848,3,16736,34404,6.2763,3.3312,18,135,0,0,0,0,1,0,0,0,0,0,0,1,0,0,0,0,0
26538304,7.9978,6,302080,561152,188546,2,33088,332,6.7871,4.7183,8,236,0,0,0,0,1,0,0,0,0,0,0,1,0,1,0,0,0
61256,6.3736,7,28672,69632,12000,3,49504,34404,6.3805,4.2685,11,85,0,0,0,0,1,0,0,0,0,0,0,1,0,1,0,0,0
19513264,6.2301,8,8543232,19906560,537184,3,33120,34404,6.088,4.2738,1,46,0,0,0,0,1,0,0,0,0,0,0,0,0,0,0,0,0
79891,6.2138,10,67072,114688,5152,3,1344,332,6.2232,2.6125,3,83,0,0,0,0,1,0,0,0,0,0,0,0,0,0,0,0,0
836688,6.498,7,33792,847872,10352,2,49504,34404,6.4672,3.4135,9,99,0,0,0,0,1,0,0,0,0,0,0,1,0,0,0,0,0
567040,6.2481,8,362496,589824,344288,3,16736,34404,6.3458,3.818,12,254,0,0,0,0,1,0,0,0,0,0,0,1,0,0,0,0,0
318048,5.9551,3,305664,335872,313426,3,34112,332,5.9082,3.3667,1,1,0,0,0,0,0,0,0,0,0,0,0,0,0,0,0,0,0
266672,6.3864,7,160256,282624,49104,2,352,34404,6.4471,4.2081,3,117,0,0,0,0,1,0,0,0,0,0,0,1,0,0,0,0,0
318048,5.9551,3,305664,335872,313426,3,34112,332,5.9082,3.3667,1,1,0,0,0,0,0,0,0,0,0,0,0,0,0,0,0,0,0
6157312,6.285,6,3925504,6344704,3654512,2,16736,34404,6.3896,4.8812,28,544,0,0,0,1,1,1,0,0,0,0,0,1,0,1,1,0,0
15891,5.296,10,8192,49152,5152,3,1344,332,6.0879,2.3472,3,42,0,0,0,0,1,0,0,0,0,0,0,0,0,0,0,0,0
125976,6.0964,10,78848,167936,5120,3,352,34404,6.1786,3.3868,3,127,0,0,0,0,1,0,0,0,0,0,0,0,0,0,0,0,0
330752,6.1104,6,244736,348160,238480,2,16736,34404,6.2214,4.2752,10,105,0,0,0,0,0,0,0,0,0,0,0,0,0,0,0,0,0
16136,6.7357,3,3072,32768,10926,3,34144,332,5.3204,2.7577,1,1,0,0,0,0,0,0,0,0,0,0,0,0,0,0,0,0,0
117448,4.3789,2,0,110592,0,3,16736,34404,3.5909,2.5171,0,0,0,0,0,0,0,0,0,0,0,0,0,0,0,0,0,0,0
29280,5.2637,5,1024,36864,4848,2,17728,332,3.4653,1.6353,1,1,0,0,0,0,0,0,0,0,0,0,0,0,0,0,0,0,0
30304,5.5876,5,1024,36864,4848,2,17728,332,4.0159,1.7482,1,1,0,0,0,0,0,0,0,0,0,0,0,0,0,0,0,0,0
215027,5.4569,10,121344,233472,4096,3,32768,34404,6.1923,3.0507,3,106,0,0,0,0,0,0,0,0,0,0,0,0,0,0,0,0,0
2312040,7.4678,2,0,2301952,0,3,16736,34404,7.4664,4.4642,0,0,0,0,0,0,0,0,0,0,0,0,0,0,0,0,0,0,0
82112,6.406,2,53760,73728,0,3,34112,34404,5.8982,4.0471,0,0,0,0,0,0,0,0,0,0,0,0,0,0,0,0,0,0,0
84240,5.965,3,61440,73728,0,3,33120,34404,6.1386,3.5652,0,0,0,0,0,0,0,0,0,0,0,0,0,0,0,0,0,0,0
1059440,5.9233,3,1040896,1073152,1048830,3,34112,332,5.8934,2.9703,1,1,0,0,0,0,0,0,0,0,0,0,0,0,0,0,0,0,0
1550208,6.2275,8,837120,1552384,811984,2,49504,34404,6.5241,4.6005,21,451,0,0,0,0,1,0,0,0,0,0,0,1,1,0,0,0,0
7100112,6.4796,10,5444096,7151616,3882336,3,16736,34404,6.4249,3.8191,3,134,0,0,0,1,1,0,0,0,0,0,0,1,0,0,0,0,0
23936,6.2459,3,12288,40960,20350,3,34112,332,5.2963,2.861,1,1,0,0,0,0,0,0,0,0,0,0,0,0,0,0,0,0,0
291776,6.2794,7,211456,294912,4208,3,16736,34404,6.2853,3.8317,15,139,0,0,0,0,1,0,0,0,0,0,0,1,0,0,0,0,0
19136,6.9654,2,0,12288,0,3,352,34404,3.6767,3.4854,0,0,0,0,0,0,0,0,0,0,0,0,0,0,0,0,0,0,0
405376,6.1023,7,229376,421888,216672,3,16736,34404,6.3871,3.9746,12,133,0,0,0,0,1,0,0,0,0,0,0,1,0,0,0,0,0
3826123,6.2753,11,3061760,3915776,4096,3,32768,34404,6.2928,3.8052,6,268,0,0,0,0,0,0,0,0,0,0,0,0,0,0,0,0,0
110112,5.4848,3,95744,122880,103866,3,34112,332,5.1638,2.848,1,1,0,0,0,0,0,0,0,0,0,0,0,0,0,0,0,0,0
54784,5.7827,6,34304,77824,36160,2,49504,34404,6.1251,3.4376,8,94,0,0,0,0,1,0,0,0,0,0,0,1,0,0,0,0,0
17680,6.6074,3,4608,32768,12570,3,34144,332,5.2276,2.6068,1,1,0,0,0,0,0,0,0,0,0,0,0,0,0,0,0,0,0
42029872,6.235,8,27086848,42082304,3765840,2,49504,34404,6.7791,4.565,25,1113,0,0,0,0,1,1,0,0,0,0,0,1,0,1,0,0,0
132605,6.4227,10,86528,159744,89024,3,0,34404,6.6978,3.6022,5,132,0,0,0,0,0,0,0,0,0,0,0,0,0,0,0,0,0
157560,6.6824,5,117248,159744,117280,2,16704,332,6.4711,5.4685,9,43,0,0,0,0,0,0,0,0,0,0,0,1,0,0,0,0,0
42515,6.18,10,30720,77824,5152,3,1344,332,6.302,2.5359,4,56,0,0,0,0,1,0,0,0,0,0,0,0,0,0,0,0,0
187411,6.048,10,147456,212992,5152,3,1344,332,6.4735,2.6345,3,79,0,0,0,0,1,0,0,0,0,0,0,0,0,0,0,0,0
115731,5.5866,10,75776,143360,5152,3,1344,332,6.5096,2.6135,3,86,0,0,0,0,1,0,0,0,0,0,0,0,0,0,0,0,0
27920,6.4219,3,14336,40960,22058,3,34144,332,5.7962,2.8865,1,1,0,0,0,0,0,0,0,0,0,0,0,0,0,0,0,0,0
358556,6.1004,10,194048,376832,195968,3,0,34404,6.0379,3.6647,7,140,0,0,0,0,0,0,0,0,0,0,0,0,0,0,0,0,0
32384,6.1263,7,4096,40960,5136,2,16736,34404,5.5904,3.5569,5,40,0,0,0,0,0,0,0,0,0,0,0,0,0,0,0,0,0
616448,5.5907,6,307712,753664,5104,2,16736,34404,6.4559,4.5794,17,197,0,0,0,1,1,1,0,0,0,0,0,1,0,1,0,0,0
3378248,5.6186,9,2611200,3420160,6976,3,16736,34404,5.9119,3.6956,4,153,0,0,0,0,1,0,0,0,0,0,0,1,0,0,0,0,0
15624,6.7491,3,2560,32768,10462,3,34144,332,5.3204,2.6779,1,1,0,0,0,0,0,0,0,0,0,0,0,0,0,0,0,0,0
1923144,5.7701,3,1910784,1941504,1716562,3,34144,332,5.7589,3.055,1,1,0,0,0,0,0,0,0,0,0,0,0,0,0,0,0,0,0
18976,6.6168,3,6144,32768,14078,3,34144,332,5.6072,2.925,1,1,0,0,0,0,0,0,0,0,0,0,0,0,0,0,0,0,0
57368,6.4976,6,23040,57344,22656,3,16736,34404,6.2428,3.9814,7,57,0,0,0,0,0,0,0,0,0,0,0,1,0,0,0,0,0
232256,3.6597,8,29696,241664,27824,2,49504,34404,6.2311,2.9375,11,84,0,0,0,0,1,0,0,0,0,0,0,1,0,0,0,0,0
42029872,6.235,8,27086848,42082304,3765840,2,49504,34404,6.7791,4.565,25,1113,0,0,0,0,1,1,0,0,0,0,0,1,0,1,0,0,0
1916744,6.1112,7,1122816,1916928,1088896,3,16736,34404,6.3565,5.1029,17,383,0,0,0,0,1,0,0,0,0,0,0,1,0,1,0,0,0
22016,1.7469,2,0,32768,0,3,352,34404,1.7209,1.6863,0,0,0,0,0,0,0,0,0,0,0,0,0,0,0,0,0,0,0
543312,6.4258,9,397824,577536,67360,2,49504,34404,6.5017,3.8991,9,129,0,0,0,0,1,0,0,0,0,0,0,1,0,0,0,0,0
1023088,5.8992,3,1004544,1032192,1012638,3,34112,332,5.8696,2.923,1,1,0,0,0,0,0,0,0,0,0,0,0,0,0,0,0,0,0
964096,6.3114,2,0,974848,0,2,16736,34404,6.3141,4.1241,0,0,0,0,0,0,0,0,0,0,0,0,0,0,0,0,0,0,0
977712,6.2014,7,404480,978944,407017,3,16736,34404,6.0288,4.4433,12,93,0,0,0,0,1,0,0,0,0,0,0,1,0,0,0,0,0
9628064,6.2138,6,6437888,9678848,5925224,2,352,34404,6.4131,5.2867,19,432,0,0,0,1,1,0,1,0,0,0,0,1,0,0,0,0,0
48456,6.6258,5,15872,40960,14599,3,320,332,6.2951,4.653,10,54,0,0,0,0,1,0,0,0,0,0,0,1,0,0,0,0,0
2508568,6.1905,7,1493504,2510848,1363920,2,352,34404,6.4352,4.4639,10,198,0,0,0,0,1,0,0,0,0,0,0,1,0,0,0,0,0
2932448,6.2961,7,1765888,2945024,1652480,3,16736,34404,6.3824,4.7059,16,401,0,0,0,0,1,0,0,0,0,0,0,1,0,0,0,0,0
475845,5.6031,10,276480,499712,4096,3,32768,34404,6.1797,3.5107,4,314,0,0,0,0,0,0,0,0,0,0,0,0,0,0,0,0,0
4799056,6.6533,13,3762176,5009408,1956128,2,16736,34404,6.6416,3.266,3,237,1,0,1,0,1,0,0,0,0,0,0,1,0,1,0,0,0
1247512,6.75,3,1171456,1236992,0,3,33120,34404,6.7998,5.0933,0,0,0,0,0,0,0,0,0,0,0,0,0,0,0,0,0,0,0
30992,4.2883,3,8192,20480,0,3,33120,34404,3.4857,1.2597,0,0,0,0,0,0,0,0,0,0,0,0,0,0,0,0,0,0,0
276640,6.7391,3,241664,266240,0,3,33120,34404,6.8425,4.6967,0,0,0,0,0,0,0,0,0,0,0,0,0,0,0,0,0,0,0
22720,6.8308,2,0,16384,0,3,352,34404,4.6901,3.9919,0,0,0,0,0,0,0,0,0,0,0,0,0,0,0,0,0,0,0
2371808,5.6094,3,2353152,2383872,2361054,3,34112,332,5.5928,2.92,1,1,0,0,0,0,0,0,0,0,0,0,0,0,0,0,0,0,0
19132,5.1067,10,10240,53248,12608,3,0,34404,5.8247,2.287,2,28,0,0,0,0,0,0,0,0,0,0,0,0,0,0,0,0,0
54163,5.8818,10,31232,81920,4096,3,32768,34404,6.1692,2.9444,3,86,0,0,0,0,0,0,0,0,0,0,0,0,0,0,0,0,0
3495968,3.7376,2,0,3481600,0,2,1344,332,3.6897,2.3525,0,0,0,0,0,0,0,0,0,0,0,0,0,0,0,0,0,0,0
29376,6.5989,2,11776,20480,0,3,1344,332,5.0584,4.1774,0,0,0,0,0,0,0,0,0,0,0,0,0,0,0,0,0,0,0
23936,6.2459,3,12288,40960,20350,3,34112,332,5.2963,2.861,1,1,0,0,0,0,0,0,0,0,0,0,0,0,0,0,0,0,0
15379,5.3348,10,8192,49152,5152,3,1344,332,6.1567,2.2975,3,44,0,0,0,0,1,0,0,0,0,0,0,0,0,0,0,0,0
19475,5.457,10,11264,53248,5152,3,1344,332,5.9799,2.3698,3,43,0,0,0,0,1,0,0,0,0,0,0,0,0,0,0,0,0
1249664,6.1178,7,606720,1261568,444400,2,16736,34404,6.4028,4.9521,6,234,0,0,0,0,1,0,0,0,0,0,0,1,0,0,0,0,0
4508040,6.1557,6,3761152,4521984,963708,2,352,34404,6.3692,5.0667,8,766,0,0,0,1,1,1,0,0,1,0,1,1,0,0,1,0,0
278710,5.8938,19,33280,282624,5120,3,352,34404,6.2137,3.7541,3,69,1,0,0,0,1,0,0,0,0,0,0,0,0,1,0,0,0
3595448,6.3879,7,2541056,3588096,2233504,2,49504,34404,6.2819,4.317,17,294,0,0,0,1,1,0,0,0,0,0,0,1,0,1,0,1,0
60947,6.305,10,47104,94208,5152,3,1344,332,6.3294,2.6339,3,88,0,0,0,0,1,0,0,0,0,0,0,0,0,0,0,0,0
186456,6.2457,2,0,180224,0,3,16736,34404,6.085,3.7818,0,0,0,0,0,0,0,0,0,0,0,0,0,0,0,0,0,0,0
22392,6.4218,2,10752,32768,0,2,34144,34404,5.6246,4.8133,0,0,0,0,0,0,0,0,0,0,0,0,0,0,0,0,0,0,0
376584,5.9114,6,178688,380928,170864,2,20832,34404,6.2177,4.7624,22,90,0,0,0,0,0,0,0,0,0,0,0,0,0,0,0,0,0
5625176,6.4923,7,3985408,5894144,2621744,2,49504,34404,6.4221,4.536,42,469,0,0,0,0,1,0,0,0,0,0,0,1,0,1,0,0,0
40828,4.4026,10,3584,57344,4096,3,32768,34404,5.2627,2.5202,2,28,0,0,0,0,0,0,0,0,0,0,0,0,0,0,0,0,0
353920,6.4506,6,265728,360448,265360,2,16736,34404,6.3726,4.8784,11,157,0,0,0,0,0,0,0,0,0,0,0,0,0,0,0,0,0
78920,6.1017,3,65536,90112,64978,3,34144,332,5.86,3.0023,1,1,0,0,0,0,0,0,0,0,0,0,0,0,0,0,0,0,0
21609392,6.163,6,9903616,22085632,418208,3,33120,34404,6.0642,4.3458,1,39,0,0,0,1,1,0,0,0,0,0,0,0,0,0,0,0,0
542792,6.0394,8,335872,536576,7344,3,16736,34404,6.1918,3.6208,42,190,0,0,0,0,1,0,0,0,0,0,0,1,0,0,0,0,0
27208,6.4111,3,14336,40960,22234,3,34112,332,5.6817,3.054,1,1,0,0,0,0,0,0,0,0,0,0,0,0,0,0,0,0,0
324960,6.9967,2,0,315392,0,3,16736,34404,6.9354,3.9608,0,0,0,0,0,0,0,0,0,0,0,0,0,0,0,0,0,0,0
349544,5.3594,5,16384,344064,16756,2,320,332,6.3843,4.2983,6,139,0,0,0,0,1,0,0,0,0,0,0,1,0,0,0,0,0
168979,6.3032,10,41984,200704,5152,3,1344,332,6.7921,3.0552,3,45,0,0,0,0,1,0,0,0,0,0,0,0,0,0,0,0,0
1951024,4.0511,7,6144,1953792,5168,2,49504,34404,5.9219,2.931,11,53,0,0,0,0,1,0,0,0,0,0,0,1,0,0,0,0,0
48952,7.3479,2,0,40960,0,3,16736,34404,7.3256,4.3667,0,0,0,0,0,0,0,0,0,0,0,0,0,0,0,0,0,0,0
1038680,3.5946,2,0,1028096,0,2,1344,332,3.4714,2.2477,0,0,0,0,0,0,0,0,0,0,0,0,0,0,0,0,0,0,0
88576,6.3877,11,57344,118784,59792,3,0,34404,6.7277,3.1251,2,25,0,0,0,0,0,0,0,0,0,0,0,0,0,0,0,0,0
2521464,6.4942,6,1736192,2555904,1346459,2,320,332,6.6443,4.7377,16,386,0,0,0,1,1,0,1,0,0,0,0,1,0,1,0,1,0
1445152,5.7089,7,706560,1441792,685392,3,16736,34404,6.3451,4.6591,24,328,0,0,0,0,1,0,0,0,0,0,0,1,0,0,0,0,0
26816,6.6369,2,0,20480,0,3,352,34404,4.6834,3.9899,0,0,0,0,0,0,0,0,0,0,0,0,0,0,0,0,0,0,0
4751832,6.4274,8,3551232,4771840,1494368,3,16736,34404,6.4304,3.3481,3,131,0,0,0,0,1,0,0,0,0,0,0,1,0,0,0,0,0
18624,6.9831,2,0,12288,0,3,352,34404,3.2941,3.2261,0,0,0,0,0,0,0,0,0,0,0,0,0,0,0,0,0,0,0
30524,5.495,10,16384,69632,4096,3,32768,34404,6.0551,2.6492,2,47,0,0,0,0,0,0,0,0,0,0,0,0,0,0,0,0,0
60248,5.6068,7,6144,65536,5632,3,16736,34404,5.6373,3.7524,6,65,0,0,0,0,0,0,0,0,0,0,0,1,0,0,0,0,0
102256,7.484,2,0,94208,0,3,1344,332,7.4578,4.222,0,0,0,0,0,0,0,0,0,0,0,0,0,0,0,0,0,0,0
265049,5.5935,20,80896,241664,4592,3,352,34404,6.2625,3.5397,3,131,0,0,0,0,0,0,0,0,0,0,0,0,0,0,0,0,0
62792,5.4229,2,0,53248,0,2,1344,332,3.8748,2.4452,0,0,0,0,0,0,0,0,0,0,0,0,0,0,0,0,0,0,0
213710,6.2734,10,169472,245760,4096,3,32768,34404,6.2556,3.585,5,126,0,0,0,0,0,0,0,0,0,0,0,0,0,0,0,0,0
1637744,6.4218,5,953856,1634304,4473,3,320,332,6.6833,4.7159,16,269,0,0,0,1,1,0,0,0,1,0,0,1,0,0,0,1,0
60544,6.3289,6,30720,65536,30096,2,16736,34404,6.1881,3.6385,13,94,0,0,0,0,1,0,0,0,0,0,0,0,0,0,0,0,0
116472,6.1109,7,52736,114688,49024,2,49504,34404,6.1475,3.6244,12,153,0,0,0,0,1,0,0,0,0,0,0,1,0,0,0,0,0
110112,5.4848,3,95744,122880,103866,3,34112,332,5.1638,2.848,1,1,0,0,0,0,0,0,0,0,0,0,0,0,0,0,0,0,0
982824,5.5656,3,954368,983040,959470,3,1344,332,5.5462,3.1358,1,1,0,0,0,0,0,0,0,0,0,0,0,0,0,0,0,0,0
5001808,6.4901,12,3495424,5218304,1123552,2,49504,34404,6.5459,3.8555,3,259,1,1,1,0,1,0,0,0,0,0,0,1,0,1,0,0,0
4336504,6.5492,5,2955776,4472832,35840,2,16704,332,6.6181,5.1804,30,509,0,0,0,1,1,1,0,0,0,0,0,1,0,1,0,0,0
887128,5.6667,7,539136,954368,529680,3,16736,34404,6.4766,3.9736,14,239,0,0,0,0,1,0,0,0,0,0,0,1,0,0,0,0,0
30168,7.1705,5,3584,24576,4928,2,16704,332,6.0105,3.7296,3,23,0,0,0,0,0,0,0,0,0,0,0,1,0,0,0,0,0
19136,7.0319,2,0,12288,0,3,352,34404,4.6946,3.9943,0,0,0,0,0,0,0,0,0,0,0,0,0,0,0,0,0,0,0
3091536,6.6821,9,2479616,4657152,1987456,3,16736,34404,6.6842,3.8122,1,105,0,0,0,0,1,0,0,0,0,0,0,1,0,0,0,0,0
1891152,6.416,7,1358848,1986560,1318320,2,16736,34404,6.4272,4.7163,13,144,0,0,0,0,1,0,0,0,0,0,0,1,0,0,0,0,0
378792,5.8566,7,204800,376832,194592,3,16736,34404,6.3106,4.0323,10,217,0,0,0,0,1,0,0,0,0,0,0,1,0,0,0,0,0
22720,6.8331,2,5120,16384,0,3,1344,332,4.6923,3.9929,0,0,0,0,0,0,0,0,0,0,0,0,0,0,0,0,0,0,0
17427,5.4813,10,9728,53248,5152,3,1344,332,6.2222,2.2954,3,43,0,0,0,0,1,0,0,0,0,0,0,0,0,0,0,0,0
4086600,6.2502,7,2580480,4091904,656672,3,16736,34404,6.4334,5.2316,20,498,0,0,0,0,1,0,0,0,0,0,0,1,0,1,0,0,0
189536,4.8335,7,77824,331776,74592,3,49504,34404,5.9843,2.5719,19,175,1,1,1,0,1,0,0,0,0,0,0,1,0,1,0,0,0
22888,6.4031,7,5632,36864,6976,2,49600,332,5.9127,2.9457,14,41,0,0,0,0,0,0,0,0,0,0,0,0,0,1,0,0,0
929299,5.8204,10,657408,966656,5152,3,1344,332,6.6,2.7648,4,151,0,0,0,0,1,0,0,0,0,0,0,0,0,0,0,0,0
5226360,5.9509,8,3644928,5251072,4691,2,352,34404,5.9749,3.653,15,178,0,0,0,1,1,0,0,0,0,0,0,1,0,0,0,0,0
61552,5.2444,6,4096,61440,4960,2,16736,34404,5.6906,2.8077,4,27,0,0,0,0,0,0,0,0,0,0,0,1,0,0,0,0,0
3322744,6.3681,5,1511936,3325952,1411920,2,16704,332,6.6727,5.0286,14,114,0,0,0,1,1,0,0,0,0,0,0,1,0,0,0,0,0
2973824,6.5188,6,2539520,2985984,2036080,2,16736,34404,6.4406,4.7767,16,269,0,0,0,1,1,0,0,0,1,0,0,1,0,0,0,0,0
25976,6.1008,3,14336,40960,22454,3,34112,332,5.3,2.8695,1,1,0,0,0,0,0,0,0,0,0,0,0,0,0,0,0,0,0
98976,6.1527,6,59904,114688,16412,2,33088,34404,6.3444,4.1042,7,91,0,0,0,0,1,0,0,0,0,0,0,1,0,0,0,0,0
430920,6.1075,5,206336,425984,193317,3,320,332,6.5712,4.4683,11,189,0,0,0,1,1,0,0,0,0,0,0,1,0,0,0,0,0
136976,3.9036,2,0,135168,0,2,352,34404,3.3746,3.24,0,0,0,0,0,0,0,0,0,0,0,0,0,0,0,0,0,0,0
461016,6.9571,7,278528,569344,189645,2,320,332,7.5079,4.4839,10,221,0,0,0,0,1,0,0,0,0,0,0,1,0,0,0,0,0
5897808,6.5939,9,3843072,5935104,1023296,3,16736,34404,6.5475,4.1041,4,146,0,0,0,0,1,0,0,0,0,0,0,1,0,0,0,0,0
23936,6.2459,3,12288,40960,20350,3,34112,332,5.2963,2.861,1,1,0,0,0,0,0,0,0,0,0,0,0,0,0,0,0,0,0
3378232,5.619,9,2611200,3420160,6976,3,16736,34404,5.9119,3.6957,4,153,0,0,0,0,1,0,0,0,0,0,0,1,0,0,0,0,0
45413,5.7439,10,24576,73728,4096,3,32768,34404,6.0551,2.837,3,69,0,0,0,0,0,0,0,0,0,0,0,0,0,0,0,0,0
14867,5.2443,10,7680,49152,5152,3,1344,332,6.0349,2.2905,3,43,0,0,0,0,1,0,0,0,0,0,0,0,0,0,0,0,0
31328,5.1831,5,1024,40960,4848,2,17728,332,3.4946,1.6419,1,1,0,0,0,0,0,0,0,0,0,0,0,0,0,0,0,0,0
111232,6.0917,7,45568,114688,41824,3,16736,34404,6.2199,4.0149,10,119,0,0,0,0,1,0,0,0,0,0,0,1,0,0,0,0,0
23832,6.2861,3,10752,40960,18734,3,34144,332,4.9402,2.5137,1,1,0,0,0,0,0,0,0,0,0,0,0,0,0,0,0,0,0
393824,5.8557,8,191488,413696,113376,2,16736,43620,6.3722,4.5095,1,117,0,0,0,0,1,0,0,0,0,0,0,1,0,0,0,0,0
128944,6.2434,3,115712,147456,123430,3,34144,332,6.1022,2.9589,1,1,0,0,0,0,0,0,0,0,0,0,0,0,0,0,0,0,0
71480,6.2277,6,28672,69632,27472,3,16736,34404,6.1848,4.0705,11,80,0,0,0,0,1,0,0,0,0,0,0,1,0,0,0,0,0
112648,4.1813,2,0,102400,0,2,16736,34404,3.1448,2.3047,0,0,0,0,0,0,0,0,0,0,0,0,0,0,0,0,0,0,0
27144,6.8135,2,0,16384,0,3,16736,34404,5.3622,3.3974,0,0,0,0,0,0,0,0,0,0,0,0,0,0,0,0,0,0,0
